trigger_time,session,direction,entry_time,entry_type,entry_price,stop,target,htf_mid,r_distance,exit_time,exit_reason,n_partials,realized_r,pnl_usd,lot_size,balance_after,month
2022-05-13 10:00:00+00:00,london,bull,2022-05-13 11:15:00+00:00,OB,31948.599,31905.30241848346,32012.079,31960.189,43.29658151653712,2022-05-13 11:55:00+00:00,all_targets,3,1.198,1198.0,23.0965,101198.0,2022-05
2022-05-23 12:00:00+00:00,ny_am_kz,bear,2022-05-23 13:10:00+00:00,OB,31588.059,31614.571101914098,31502.519,31556.048000000003,26.512101914097002,2022-05-23 13:30:00+00:00,stop,2,1.243,1257.89,38.1705,102455.89,2022-05
2022-05-25 12:00:00+00:00,ny_am_kz,bull,2022-05-25 13:25:00+00:00,OB,31782.527,31723.603938395023,31875.087,31811.042999999998,58.92306160497537,2022-05-25 13:30:00+00:00,all_targets,3,1.26,1290.94,17.3881,103746.83,2022-05
2022-05-26 12:00:00+00:00,ny_am_kz,bull,2022-05-26 13:15:00+00:00,OB,32269.559,32208.81193563924,32366.577,32298.553,60.747064360759396,2022-05-26 13:30:00+00:00,all_targets,3,1.274,1321.73,17.0785,105068.56,2022-05
2022-05-31 11:00:00+00:00,ny_am_kz,bear,2022-05-31 13:10:00+00:00,OB,33021.577,33116.45136918008,32937.499,33016.398,94.87436918008461,2022-05-31 13:30:00+00:00,all_targets,3,0.87,914.1,11.0745,105982.66,2022-05
2022-06-03 17:00:00+00:00,ny_pm,bear,2022-06-03 18:15:00+00:00,OB,32979.999,33117.67561995653,32844.709,32943.254,137.67661995652452,2022-06-03 19:45:00+00:00,all_targets,3,0.972,1030.15,7.6979,107012.81,2022-06
2022-06-08 09:00:00+00:00,london,bull,2022-06-08 10:30:00+00:00,OB,32996.059,32991.32342077687,33065.599,33032.079,4.735579223131936,2022-06-08 11:10:00+00:00,all_targets,3,3.72,3980.88,225.9762,110993.69,2022-06
2022-06-09 06:00:00+00:00,london_kz,bull,2022-06-09 07:00:00+00:00,OB,32878.099,32820.365975245244,32920.499,32878.85400000001,57.733024754757935,2022-06-09 07:05:00+00:00,all_targets,3,0.708,785.84,19.2253,111779.53,2022-06
2022-06-14 17:00:00+00:00,ny_pm,bear,2022-06-14 18:05:00+00:00,OB,30363.699,30556.175397819,30257.697,30339.237999999998,192.47639781899852,2022-06-14 18:50:00+00:00,all_targets,3,0.543,606.96,5.8074,112386.49,2022-06
2022-06-16 10:00:00+00:00,london,bear,2022-06-16 11:05:00+00:00,OB,30143.067,30195.563140670194,30037.549,30091.674,52.49614067019502,2022-06-16 11:25:00+00:00,stop,1,0.471,529.34,21.4085,112915.83,2022-06
2022-06-17 09:00:00+00:00,london,bull,2022-06-17 10:45:00+00:00,OB,30115.999,30061.608325293753,30218.589,30155.049,54.3906747062465,2022-06-17 11:45:00+00:00,stop,1,0.472,532.96,20.7601,113448.79,2022-06
2022-06-17 11:00:00+00:00,ny_am_kz,bear,2022-06-17 12:10:00+00:00,OB,30170.299,30200.31641270092,30091.029,30132.163999999997,30.01741270091952,2022-06-17 12:40:00+00:00,all_targets,3,1.578,1790.22,37.7943,115239.01,2022-06
2022-06-22 16:00:00+00:00,ny_pm,bull,2022-06-22 17:00:00+00:00,OB,30534.789,30440.82893240266,30681.729,30582.734,93.96006759734155,2022-06-22 17:25:00+00:00,all_targets,3,1.266,1458.93,12.2647,116697.94,2022-06
2022-06-24 11:00:00+00:00,ny_am_kz,bear,2022-06-24 12:05:00+00:00,OB,30910.019,30944.284326228426,30875.029,30907.544,34.26532622842569,2022-06-24 12:55:00+00:00,all_targets,3,0.967,1128.47,34.0572,117826.41,2022-06
2022-06-28 09:00:00+00:00,london,bear,2022-06-28 10:55:00+00:00,OB,31638.029,31662.47344379663,31550.519,31592.408,24.444443796630367,2022-06-28 11:25:00+00:00,stop,1,0.439,517.26,48.2017,118343.67,2022-06
2022-06-29 07:00:00+00:00,london_kz,bear,2022-06-29 08:00:00+00:00,OB,30951.099,31000.043702419873,30876.699,30937.244,48.944702419874375,2022-06-29 08:10:00+00:00,stop,0,-1.031,-1220.12,24.1791,117123.55,2022-06
2022-06-30 12:00:00+00:00,ny_am_kz,bear,2022-06-30 13:15:00+00:00,OB,30705.029,30739.29537952761,30593.799,30638.699,34.266379527613026,2022-06-30 13:30:00+00:00,stop,1,0.456,534.08,34.1803,117657.63,2022-06
2022-07-08 01:00:00+00:00,asian_kz,bear,2022-07-08 02:00:00+00:00,OB,31359.699,31406.14997327387,31319.739,31355.258,46.45097327386975,2022-07-08 02:45:00+00:00,all_targets,3,0.828,974.21,25.3294,118631.84,2022-07
2022-07-12 11:00:00+00:00,ny_am_kz,bull,2022-07-12 12:15:00+00:00,OB,30921.559,30879.66300251558,30998.097,30943.553,41.89599748442197,2022-07-12 12:40:00+00:00,all_targets,3,1.378,1634.75,28.3158,120266.59,2022-07
2022-07-15 07:00:00+00:00,london_kz,bull,2022-07-15 08:00:00+00:00,OB,30610.519,30517.383144542433,30682.787,30631.498,93.13585545756723,2022-07-15 08:40:00+00:00,all_targets,3,0.76,914.03,12.913,121180.62,2022-07
2022-07-29 15:00:00+00:00,london_close,bull,2022-07-29 16:05:00+00:00,OB,32611.769,32554.789161044984,32713.279,32642.788999999997,56.97983895501602,2022-07-29 16:45:00+00:00,all_targets,3,1.364,1652.9,21.2673,122833.52,2022-07
2022-08-05 09:00:00+00:00,london,bull,2022-08-05 10:00:00+00:00,OB,32761.039,32733.306928050617,32793.559,32764.529000000002,27.73207194938368,2022-08-05 11:05:00+00:00,stop,0,-1.054,-1294.67,44.2929,121538.85,2022-08
2022-08-11 08:00:00+00:00,london_kz,bull,2022-08-11 09:05:00+00:00,OB,33377.529,33335.862193353816,33420.049,33383.534,41.66680664618616,2022-08-11 09:35:00+00:00,all_targets,3,0.974,1183.79,29.1692,122722.64,2022-08
2022-08-15 06:00:00+00:00,london_kz,bear,2022-08-15 07:00:00+00:00,OB,33677.069,33692.771976746626,33658.779,33675.279,15.70297674662288,2022-08-15 07:05:00+00:00,all_targets,3,0.987,1211.27,78.1525,123933.91,2022-08
2022-08-15 18:00:00+00:00,ny_pm,bull,2022-08-15 19:00:00+00:00,OB,33913.799,33881.55063128511,33956.269,33920.239,32.24836871489242,2022-08-15 19:55:00+00:00,stop,1,0.453,561.42,38.4311,124495.33,2022-08
2022-08-17 14:00:00+00:00,london_close,bear,2022-08-17 15:20:00+00:00,OB,33956.289,34019.60969890691,33893.259,33949.009,63.32069890691491,2022-08-17 15:40:00+00:00,all_targets,3,0.972,1210.09,19.6611,125705.42,2022-08
2022-08-22 09:00:00+00:00,london,bull,2022-08-22 10:00:00+00:00,OB,33394.049,33351.8113990889,33431.087,33397.838,42.2376009110958,2022-08-22 10:50:00+00:00,all_targets,3,0.841,1057.18,29.7615,126762.6,2022-08
2022-08-23 16:00:00+00:00,ny_pm,bull,2022-08-23 17:10:00+00:00,OB,32915.297,32848.25599939182,32983.497,32929.878,67.04100060818018,2022-08-23 17:30:00+00:00,all_targets,3,0.986,1249.88,18.9082,128012.48,2022-08
2022-08-29 11:00:00+00:00,ny_am_kz,bull,2022-08-29 12:10:00+00:00,OB,32004.799,31972.90251861414,32045.079,32014.589,31.89648138585835,2022-08-29 12:25:00+00:00,all_targets,3,1.084,1387.66,40.1337,129400.14,2022-08
2022-08-30 02:00:00+00:00,asian,bull,2022-08-30 03:15:00+00:00,OB,32118.729,32073.26573795895,32167.499,32127.874,45.46326204104844,2022-08-30 04:00:00+00:00,all_targets,3,1.003,1297.88,28.4626,130698.02,2022-08
2022-08-30 10:00:00+00:00,london,bear,2022-08-30 11:00:00+00:00,OB,32311.299,32360.685796448917,32274.019,32306.659,49.386796448918176,2022-08-30 11:50:00+00:00,all_targets,3,0.724,946.25,26.4642,131644.27,2022-08
2022-09-02 11:00:00+00:00,ny_am_kz,bull,2022-09-02 12:10:00+00:00,OB,31650.089,31598.146524539472,31690.099,31650.699,51.94247546052793,2022-09-02 12:20:00+00:00,all_targets,3,0.741,975.48,25.3442,132619.75,2022-09
2022-09-05 10:00:00+00:00,london,bear,2022-09-05 11:00:00+00:00,OB,31412.079,31458.73619199251,31350.009,31396.303999999996,46.65719199250816,2022-09-05 11:25:00+00:00,all_targets,3,1.133,1502.58,28.4243,134122.33,2022-09
2022-09-08 08:00:00+00:00,london_kz,bull,2022-09-08 09:05:00+00:00,OB,31567.049,31505.54182202619,31630.297,31569.917999999998,61.50717797381003,2022-09-08 11:00:00+00:00,all_targets,3,0.99,1327.81,21.806,135450.14,2022-09
2022-09-08 11:00:00+00:00,ny_am_kz,bear,2022-09-08 12:15:00+00:00,OB,31633.589,31656.619781896792,31553.059,31590.828,23.030781896792178,2022-09-08 12:20:00+00:00,all_targets,3,1.734,2348.71,58.8127,137798.85,2022-09
2022-09-14 12:00:00+00:00,ny_am_kz,bull,2022-09-14 13:30:00+00:00,OB,31078.229,31023.71886537905,31202.799,31117.413999999997,54.51013462094852,2022-09-14 13:40:00+00:00,all_targets,3,1.53,2108.32,25.2795,139907.17,2022-09
2022-09-15 14:00:00+00:00,london_close,bear,2022-09-15 15:05:00+00:00,OB,31132.709,31276.12279152076,30987.999,31109.379,143.41379152076115,2022-09-15 15:55:00+00:00,all_targets,3,0.994,1390.68,9.7555,141297.85,2022-09
2022-09-19 10:00:00+00:00,london,bull,2022-09-19 11:20:00+00:00,OB,30558.029,30486.590967935867,30611.557,30567.078,71.43803206413213,2022-09-19 12:50:00+00:00,all_targets,3,0.728,1028.65,19.7791,142326.5,2022-09
2022-09-19 16:00:00+00:00,ny_pm,bull,2022-09-19 18:05:00+00:00,OB,30768.699,30700.127558671516,30938.789,30831.244,68.57144132848407,2022-09-19 19:10:00+00:00,all_targets,3,1.574,2240.22,20.7559,144566.72,2022-09
2022-09-23 13:00:00+00:00,ny_am_kz,bear,2022-09-23 14:10:00+00:00,OB,29695.269,29808.357440169562,29635.299,29694.694,113.08844016956209,2022-09-23 14:25:00+00:00,all_targets,3,0.517,747.41,12.7835,145314.13,2022-09
2022-09-28 06:00:00+00:00,london_kz,bear,2022-09-28 07:00:00+00:00,OB,29020.069,29106.48733481154,28938.749,28997.259,86.41833481154026,2022-09-28 07:10:00+00:00,all_targets,3,0.924,1342.7,16.8152,146656.83,2022-09
2022-10-10 13:00:00+00:00,ny_am_kz,bear,2022-10-10 14:25:00+00:00,OB,29382.289,29492.862483128407,29262.529,29340.314,110.57348312840622,2022-10-10 14:35:00+00:00,all_targets,3,1.028,1507.63,13.2633,148164.46,2022-10
2022-10-12 13:00:00+00:00,ny_am_kz,bull,2022-10-12 14:05:00+00:00,OB,29320.199,29126.682244124335,29436.299,29326.174,193.5167558756657,2022-10-12 14:30:00+00:00,all_targets,3,0.592,877.13,7.6564,149041.59,2022-10
2022-10-13 19:00:00+00:00,ny_pm,bear,2022-10-13 20:00:00+00:00,OB,30065.279,30185.083461732625,29932.709,30050.989,119.8044617326268,2022-10-14 01:45:00+00:00,stop,0,-1.013,-1509.79,12.4404,147531.8,2022-10
2022-10-14 11:00:00+00:00,ny_am_kz,bear,2022-10-14 12:50:00+00:00,OB,30228.789,30260.72649627133,30014.079,30126.324,31.93749627133002,2022-10-14 12:55:00+00:00,stop,0,-1.047,-1544.66,46.1939,145987.14,2022-10
2022-10-19 00:00:00+00:00,asian_kz,bull,2022-10-19 01:05:00+00:00,OB,30701.299,30657.165927200946,30759.499,30712.869,44.13307279905348,2022-10-19 01:35:00+00:00,all_targets,3,1.125,1642.36,33.0789,147629.5,2022-10
2022-10-27 00:00:00+00:00,asian_kz,bear,2022-10-27 01:00:00+00:00,OB,31991.499,32034.854451424228,31949.789,31984.544,43.355451424227795,2022-10-27 02:20:00+00:00,all_targets,3,0.927,1368.53,34.051,148998.03,2022-10
2022-11-09 04:00:00+00:00,asian,bull,2022-11-09 05:35:00+00:00,OB,33104.749,33051.05994782801,33165.789,33117.244,53.689052171990625,2022-11-09 06:00:00+00:00,stop,0,-1.028,-1531.7,27.752,147466.33,2022-11
2022-11-10 10:00:00+00:00,london,bull,2022-11-10 11:00:00+00:00,OB,32569.569,32518.53263937923,32603.799,32576.419,51.03636062076839,2022-11-10 11:40:00+00:00,all_targets,3,0.641,945.26,28.8944,148411.59,2022-11
2022-11-15 10:00:00+00:00,london,bear,2022-11-15 11:00:00+00:00,OB,33715.049,33739.15916928029,33661.499,33686.293000000005,24.110169280291302,2022-11-15 11:10:00+00:00,all_targets,3,1.482,2199.46,61.5556,150611.05,2022-11
2022-11-16 19:00:00+00:00,ny_pm,bull,2022-11-16 20:05:00+00:00,OB,33568.699,33516.467891889566,33641.739,33586.244000000006,52.231108110434434,2022-11-16 21:10:00+00:00,all_targets,3,1.17,1762.15,28.8355,152373.2,2022-11
2022-11-25 06:00:00+00:00,asian,bull,2022-11-25 07:00:00+00:00,OB,34231.289,34222.15598137188,34240.999,34232.099,9.133018628119316,2022-11-25 07:25:00+00:00,all_targets,3,0.867,1321.08,166.8377,153694.28,2022-11
2022-11-25 07:00:00+00:00,london_kz,bear,2022-11-25 08:15:00+00:00,OB,34246.569,34255.588189375165,34222.709,34231.754,9.019189375161659,2022-11-25 08:20:00+00:00,stop,0,-1.166,-1792.08,170.4081,151902.2,2022-11
2022-12-13 20:00:00+00:00,ny_pm,bull,2022-12-14 00:25:00+00:00,OB,34084.749,33940.96818326034,34191.297,34109.268,143.78081673966517,2022-12-14 02:05:00+00:00,all_targets,3,0.731,1110.41,10.5648,153012.61,2022-12
2022-12-14 13:00:00+00:00,ny_am_kz,bull,2022-12-14 14:00:00+00:00,OB,34104.059,34042.08918878698,34169.099,34115.304000000004,61.969811213020876,2022-12-14 14:30:00+00:00,all_targets,3,1.001,1531.66,24.6915,154544.27,2022-12
2022-12-16 05:00:00+00:00,asian,bull,2022-12-16 06:00:00+00:00,OB,33186.779,33141.19027598563,33216.999,33190.099,45.58872401437111,2022-12-16 06:45:00+00:00,all_targets,3,0.63,973.63,33.8997,155517.9,2022-12
2022-12-19 15:00:00+00:00,london_close,bear,2022-12-19 16:15:00+00:00,OB,32919.799,33046.84731148453,32843.239,32915.248999999996,127.04831148453377,2022-12-19 16:30:00+00:00,all_targets,3,0.591,919.11,12.2408,156437.01,2022-12
2022-12-23 11:00:00+00:00,london,bear,2022-12-23 13:15:00+00:00,OB,33147.019,33179.430469324434,33079.529,33124.063,32.41146932443371,2022-12-23 13:25:00+00:00,all_targets,3,1.47,2299.62,48.2659,158736.63,2022-12
2022-12-30 09:00:00+00:00,london_kz,bull,2022-12-30 10:00:00+00:00,OB,33094.509,33065.54903415359,33137.009,33102.504,28.959965846406703,2022-12-30 10:40:00+00:00,all_targets,3,1.182,1876.27,54.8124,160612.9,2022-12
2023-01-04 10:00:00+00:00,london,bear,2023-01-04 11:05:00+00:00,OB,33219.099,33251.868793944166,33177.539,33204.569,32.76979394416412,2023-01-04 11:35:00+00:00,stop,0,-1.046,-1680.01,49.0125,158932.89,2023-01
2023-01-09 11:00:00+00:00,london,bear,2023-01-09 12:05:00+00:00,OB,33724.089,33738.78385301326,33689.999,33713.524000000005,14.69485301325767,2023-01-09 12:30:00+00:00,stop,0,-1.102,-1751.44,108.1555,157181.45,2023-01
2023-01-27 12:00:00+00:00,ny_am_kz,bear,2023-01-27 14:40:00+00:00,OB,33972.779,33981.768579921656,33915.069,33938.683000000005,8.989579921653785,2023-01-27 14:45:00+00:00,stop,0,-1.167,-1834.31,174.8485,155347.14,2023-01
2023-02-07 10:00:00+00:00,london,bear,2023-02-07 11:05:00+00:00,OB,33892.089,33922.7662865047,33860.089,33889.834,30.67728650470235,2023-02-07 11:20:00+00:00,all_targets,3,0.973,1511.53,50.6391,156858.67,2023-02
2023-02-09 14:00:00+00:00,ny_am_kz,bear,2023-02-09 15:05:00+00:00,OB,34204.239,34249.98863659499,34134.019,34163.157999999996,45.7496365949919,2023-02-09 15:25:00+00:00,all_targets,3,1.235,1937.2,34.2863,158795.87,2023-02
2023-02-15 10:00:00+00:00,london,bull,2023-02-15 11:10:00+00:00,OB,33984.519,33970.24802442699,34018.599,33995.814,14.270975573010219,2023-02-15 11:35:00+00:00,stop,1,0.395,627.24,111.2719,159423.11,2023-02
2023-02-20 12:00:00+00:00,ny_am_kz,bull,2023-02-20 13:00:00+00:00,OB,33759.019,33727.33018860057,33779.089,33759.049,31.688811399428232,2023-02-20 13:50:00+00:00,all_targets,3,0.586,934.22,50.309,160357.33,2023-02
2023-02-21 03:00:00+00:00,asian,bull,2023-02-21 04:15:00+00:00,OB,33692.229,33677.798712907395,33709.499,33697.109,14.430287092603976,2023-02-21 05:50:00+00:00,all_targets,3,0.994,1593.95,111.1255,161951.28,2023-02
2023-02-27 17:00:00+00:00,ny_pm,bull,2023-02-27 18:45:00+00:00,OB,32909.289,32843.92416743456,33013.289,32932.748999999996,65.36483256543579,2023-02-27 19:10:00+00:00,all_targets,3,1.273,2061.64,24.7765,164012.92,2023-02
2023-02-28 16:00:00+00:00,london_close,bear,2023-02-28 17:20:00+00:00,OB,32762.709,32818.45469022832,32669.259,32732.003,55.74569022831929,2023-02-28 20:30:00+00:00,all_targets,3,1.311,2150.21,29.4216,166163.13,2023-02
2023-03-02 17:00:00+00:00,ny_pm,bull,2023-03-02 18:25:00+00:00,OB,32752.299,32701.476844696623,32841.237,32788.218,50.82215530337635,2023-03-02 18:35:00+00:00,all_targets,3,1.345,2234.89,32.695,168398.02,2023-03
2023-03-07 09:00:00+00:00,london_kz,bear,2023-03-07 10:05:00+00:00,OB,33467.299,33496.88785453374,33438.499,33460.399000000005,29.58885453374387,2023-03-07 12:00:00+00:00,all_targets,3,0.923,1554.31,56.9127,169952.33,2023-03
2023-03-28 07:00:00+00:00,london_kz,bear,2023-03-28 08:05:00+00:00,OB,32535.019,32585.138026780256,32492.749,32523.124,50.11902678025581,2023-03-28 08:35:00+00:00,all_targets,3,0.813,1381.71,33.9097,171334.04,2023-03
2023-03-28 14:00:00+00:00,london_close,bear,2023-03-28 15:00:00+00:00,OB,32468.759,32557.299029132053,32373.729,32439.014,88.54002913205477,2023-03-28 17:30:00+00:00,all_targets,3,1.02,1747.61,19.351,173081.65,2023-03
2023-04-03 01:00:00+00:00,asian_kz,bear,2023-04-03 02:15:00+00:00,OB,33280.209,33318.88651057741,33247.699,33279.598,38.67751057740679,2023-04-03 06:55:00+00:00,stop,0,-1.039,-1798.32,44.7499,171283.33,2023-04
2023-04-03 12:00:00+00:00,ny_am_kz,bull,2023-04-03 13:15:00+00:00,OB,33359.069,33344.64083722089,33408.099,33387.299,14.428162779113336,2023-04-03 13:25:00+00:00,stop,1,0.396,678.28,118.7146,171961.61,2023-04
2023-04-06 17:00:00+00:00,ny_pm,bear,2023-04-06 18:10:00+00:00,OB,33495.199,33529.93322357108,33436.249,33478.874,34.73422357108211,2023-04-06 19:20:00+00:00,all_targets,3,1.305,2244.1,49.5078,174205.71,2023-04
2023-04-10 18:00:00+00:00,ny_pm,bull,2023-04-10 19:10:00+00:00,OB,33532.249,33494.98927980378,33566.259,33539.498999999996,37.25972019621986,2023-04-10 19:55:00+00:00,all_targets,3,0.873,1520.82,46.7544,175726.53,2023-04
2023-05-24 19:00:00+00:00,ny_pm,bear,2023-05-24 20:10:00+00:00,OB,32832.739,32931.79807982428,32754.269,32809.528999999995,99.05907982427743,2023-05-24 22:05:00+00:00,all_targets,3,0.777,1365.4,17.7396,177091.93,2023-05
2023-05-29 07:00:00+00:00,london_kz,bear,2023-05-29 08:00:00+00:00,OB,33181.089,33230.60826294114,33141.799,33176.019,49.51926294113946,2023-05-29 09:40:00+00:00,all_targets,3,0.763,1351.21,35.7622,178443.14,2023-05
2023-06-01 17:00:00+00:00,ny_pm,bull,2023-06-01 18:00:00+00:00,OB,33095.779,33066.549703401106,33136.499,33112.849,29.229296598896326,2023-06-01 19:00:00+00:00,all_targets,3,1.145,2043.17,61.0494,180486.31,2023-06
2023-06-07 08:00:00+00:00,london_kz,bull,2023-06-07 09:05:00+00:00,OB,33527.519,33495.85353905816,33554.089,33529.339,31.665460941840138,2023-06-07 10:40:00+00:00,all_targets,3,0.792,1429.45,56.9978,181915.76,2023-06
2023-06-09 07:00:00+00:00,london_kz,bull,2023-06-09 08:05:00+00:00,OB,33746.099,33708.82437992787,33787.997,33773.348,37.27462007213035,2023-06-09 09:00:00+00:00,all_targets,3,1.022,1859.18,48.8042,183774.94,2023-06
2023-06-21 16:00:00+00:00,ny_pm,bear,2023-06-21 17:10:00+00:00,OB,34037.269,34101.46061518372,33984.239,34034.244000000006,64.1916151837213,2023-06-21 19:30:00+00:00,all_targets,3,0.803,1475.71,28.6291,185250.65,2023-06
2023-06-27 22:00:00+00:00,off_hours,bear,2023-06-27 23:10:00+00:00,OB,33922.229,33940.32898444778,33901.239,33918.019,18.099984447777388,2023-06-28 00:30:00+00:00,all_targets,3,0.997,1846.95,102.3485,187097.6,2023-06
2023-07-07 13:00:00+00:00,ny_am_kz,bull,2023-07-07 14:15:00+00:00,OB,33860.219,33762.40005817922,33948.099,33885.549,97.81894182077667,2023-07-07 16:30:00+00:00,all_targets,3,0.883,1652.07,19.1269,188749.67,2023-07
2023-07-17 08:00:00+00:00,london_kz,bear,2023-07-17 09:05:00+00:00,OB,34457.519,34491.65811494058,34436.509,34456.653999999995,34.13911494058266,2023-07-17 09:40:00+00:00,all_targets,3,0.571,1077.76,55.2884,189827.43,2023-07
2023-07-18 08:00:00+00:00,london_kz,bear,2023-07-18 09:15:00+00:00,OB,34586.799,34607.795413871805,34550.529,34576.164000000004,20.996413871806,2023-07-18 09:40:00+00:00,stop,0,-1.071,-2033.05,90.4095,187794.38,2023-07
2023-07-24 01:00:00+00:00,asian_kz,bull,2023-07-24 02:00:00+00:00,OB,35192.769,35176.89916109964,35210.799,35194.274000000005,15.869838900362083,2023-07-24 02:25:00+00:00,all_targets,3,0.974,1829.12,118.3341,189623.5,2023-07
2023-07-24 12:00:00+00:00,ny_am_kz,bull,2023-07-24 13:05:00+00:00,OB,35261.539,35219.363140197354,35284.569,35265.534,42.17585980264266,2023-07-24 13:30:00+00:00,all_targets,3,0.51,967.08,44.9602,190590.58,2023-07
2023-07-27 09:00:00+00:00,london,bear,2023-07-27 10:05:00+00:00,OB,35597.089,35597.77245733747,35567.519,35581.559,0.683457337472646,2023-07-27 10:10:00+00:00,stop,0,-3.195,-6089.37,2788.6244,184501.21,2023-07
2023-08-03 17:00:00+00:00,ny_pm,bear,2023-08-03 18:15:00+00:00,OB,35288.249,35353.86854689188,35233.219,35284.759,65.61954689187405,2023-08-03 18:35:00+00:00,all_targets,3,0.816,1505.53,28.1168,186006.74,2023-08
2023-08-11 09:00:00+00:00,london,bear,2023-08-11 10:00:00+00:00,OB,35173.089,35212.85939149484,35138.549,35172.309,39.77039149484335,2023-08-11 10:35:00+00:00,stop,0,-1.038,-1930.75,46.7702,184075.99,2023-08
2023-08-21 10:00:00+00:00,london,bear,2023-08-21 11:50:00+00:00,OB,34629.299,34641.521496997135,34582.039,34608.819,12.22249699713575,2023-08-21 12:00:00+00:00,stop,1,0.377,693.97,150.6042,184769.96,2023-08
2023-08-24 11:00:00+00:00,ny_am_kz,bear,2023-08-24 13:30:00+00:00,OB,34449.919,34465.215037782946,34394.779,34427.534,15.29603778294404,2023-08-24 13:35:00+00:00,stop,0,-1.098,-2028.77,120.796,182741.19,2023-08
2023-08-30 18:00:00+00:00,ny_pm,bull,2023-08-30 19:35:00+00:00,OB,34880.229,34826.936482406614,34931.289,34888.244,53.29251759338513,2023-08-30 20:05:00+00:00,all_targets,3,0.93,1699.49,34.2902,184440.68,2023-08
2023-09-08 15:00:00+00:00,london_close,bear,2023-09-08 16:15:00+00:00,OB,34606.299,34630.584623507595,34514.799,34567.028999999995,24.28562350759603,2023-09-08 16:40:00+00:00,stop,2,1.238,2283.38,75.9464,186724.06,2023-09
2023-09-13 09:00:00+00:00,london,bull,2023-09-13 10:05:00+00:00,OB,34605.079,34599.79666760481,34663.299,34632.549,5.28233239518886,2023-09-13 10:10:00+00:00,stop,0,-1.284,-2397.54,353.4879,184326.52,2023-09
2023-09-14 08:00:00+00:00,london_kz,bull,2023-09-14 09:00:00+00:00,OB,34616.499,34584.137710010415,34632.087,34617.568,32.36128998958884,2023-09-14 09:05:00+00:00,all_targets,3,0.435,801.82,56.959,185128.34,2023-09
2023-09-18 14:00:00+00:00,london_close,bull,2023-09-18 15:10:00+00:00,OB,34597.269,34534.34441754191,34681.199,34617.699,62.92458245808666,2023-09-18 15:30:00+00:00,all_targets,3,1.143,2116.02,29.4207,187244.36,2023-09
2023-09-22 15:00:00+00:00,london_close,bear,2023-09-22 16:15:00+00:00,OB,34111.269,34159.27779714978,34059.239,34104.019,48.00879714977782,2023-09-22 17:20:00+00:00,all_targets,3,1.011,1893.04,39.0021,189137.4,2023-09
2023-09-25 17:00:00+00:00,ny_pm,bull,2023-09-25 18:15:00+00:00,OB,33944.499,33895.417696393575,33994.279,33954.284,49.081303606428264,2023-09-25 19:00:00+00:00,stop,0,-1.031,-1950.01,38.5355,187187.39,2023-09
2023-10-25 12:00:00+00:00,ny_am_kz,bear,2023-10-25 13:25:00+00:00,OB,33231.239,33257.14791828412,33176.089,33202.084,25.908918284119864,2023-10-25 13:35:00+00:00,stop,1,0.442,827.37,72.2482,188014.76,2023-10
2023-10-25 19:00:00+00:00,ny_pm,bear,2023-10-25 20:05:00+00:00,OB,33093.789,33105.695632629744,33010.299,33046.254,11.906632629747037,2023-10-25 22:10:00+00:00,all_targets,3,2.376,4467.23,157.9076,192481.99,2023-10
2023-11-22 09:00:00+00:00,london_kz,bear,2023-11-22 10:05:00+00:00,OB,35130.729,35150.02244515096,35107.709,35123.22900000001,19.293445150957268,2023-11-22 11:00:00+00:00,stop,0,-1.078,-2074.96,99.7655,190407.03,2023-11
2023-11-29 14:00:00+00:00,ny_am_kz,bull,2023-11-29 15:10:00+00:00,OB,35455.729,35446.3193661114,35531.049,35506.543999999994,9.409633888601093,2023-11-29 15:15:00+00:00,stop,0,-1.159,-2206.82,202.3533,188200.21,2023-11
2023-12-01 11:00:00+00:00,london,bull,2023-12-01 12:10:00+00:00,OB,35975.239,35970.740290763926,36012.079,35997.289000000004,4.4987092360752285,2023-12-01 12:15:00+00:00,stop,0,-1.333,-2508.71,418.3427,185691.5,2023-12
2023-12-05 16:00:00+00:00,london_close,bear,2023-12-05 17:20:00+00:00,OB,36095.269,36152.62589632144,36005.209,36066.748999999996,57.356896321442036,2023-12-05 20:20:00+00:00,stop,0,-1.026,-1905.19,32.3747,183786.31,2023-12
2023-12-06 12:00:00+00:00,ny_am_kz,bull,2023-12-06 13:05:00+00:00,OB,36174.519,36157.55327119021,36192.539,36176.278999999995,16.965728809787834,2023-12-06 13:30:00+00:00,all_targets,3,0.943,1733.1,108.328,185519.41,2023-12
2023-12-07 15:00:00+00:00,london_close,bull,2023-12-07 16:10:00+00:00,OB,36077.279,36022.887793391106,36150.499,36095.849,54.39120660889603,2023-12-07 16:15:00+00:00,stop,0,-1.028,-1907.14,34.1083,183612.27,2023-12
2023-12-11 11:00:00+00:00,london,bull,2023-12-11 12:35:00+00:00,OB,36226.499,36202.35806859236,36250.499,36234.964,24.14093140764453,2023-12-11 13:20:00+00:00,all_targets,3,0.932,1711.27,76.0585,185323.54,2023-12
2023-12-27 16:00:00+00:00,london_close,bull,2023-12-27 17:40:00+00:00,OB,37592.709,37569.124118699,37641.079,37606.388999999996,23.584881301001587,2023-12-27 18:05:00+00:00,all_targets,3,1.447,2681.63,78.5773,188005.17,2023-12
2024-01-12 05:00:00+00:00,asian,bear,2024-01-12 06:55:00+00:00,OB,37700.219,37704.14125648388,37665.729,37684.259,3.922256483885576,2024-01-12 07:00:00+00:00,stop,0,-1.382,-2598.23,479.3291,185406.94,2024-01
2024-01-24 09:00:00+00:00,london_kz,bull,2024-01-24 10:15:00+00:00,OB,37960.015,37949.04964618029,37979.599,37966.837,10.96535381970898,2024-01-24 10:20:00+00:00,stop,0,-1.137,-2108.08,169.0843,183298.86,2024-01
2024-02-05 02:00:00+00:00,asian_kz,bear,2024-02-05 03:00:00+00:00,OB,38591.799,38611.042862834816,38565.727,38587.513,19.243862834817264,2024-02-05 03:20:00+00:00,all_targets,3,1.099,2014.45,95.2506,185313.31,2024-02
2024-02-05 08:00:00+00:00,london_kz,bull,2024-02-05 09:10:00+00:00,OB,38557.003,38554.311975641496,38603.263,38579.269,2.6910243585007265,2024-02-05 09:15:00+00:00,stop,0,-1.557,-2885.33,688.6348,182427.98,2024-02
2024-02-07 17:00:00+00:00,ny_pm,bull,2024-02-07 18:00:00+00:00,OB,38670.227,38637.424837931445,38699.499,38675.857,32.802162068554026,2024-02-07 18:10:00+00:00,all_targets,3,0.847,1545.16,55.6146,183973.14,2024-02
2024-02-14 17:00:00+00:00,ny_pm,bull,2024-02-14 18:10:00+00:00,OB,38263.203,38190.61743981502,38332.499,38288.887,72.58556018498348,2024-02-14 18:35:00+00:00,all_targets,3,0.934,1718.31,25.3457,185691.45,2024-02
2024-02-19 11:00:00+00:00,london,bear,2024-02-19 12:40:00+00:00,OB,38662.099,38671.579119560156,38626.051,38644.069,9.48011956015398,2024-02-19 12:50:00+00:00,stop,1,0.342,635.06,195.8746,186326.51,2024-02
2024-03-13 12:00:00+00:00,ny_am_kz,bull,2024-03-13 13:15:00+00:00,OB,39041.427,39009.8198608627,39055.927,39042.439,31.60713913730433,2024-03-13 13:20:00+00:00,all_targets,3,0.411,765.8,58.9508,187092.31,2024-03
2024-03-20 10:00:00+00:00,london,bull,2024-03-20 12:05:00+00:00,OB,39068.239,39052.47449565605,39103.503,39081.539,15.76450434394792,2024-03-20 12:40:00+00:00,stop,0,-1.095,-2048.66,118.6795,185043.65,2024-03
2024-03-28 10:00:00+00:00,london,bear,2024-03-28 11:00:00+00:00,OB,39764.003,39780.97183673568,39748.087,39762.593,16.968836735686637,2024-03-28 11:30:00+00:00,all_targets,3,0.85,1572.87,109.0491,186616.52,2024-03
2024-03-28 17:00:00+00:00,ny_pm,bull,2024-03-28 18:40:00+00:00,OB,39753.299,39731.52265253414,39795.287,39772.013,21.776347465856816,2024-03-28 18:55:00+00:00,all_targets,3,1.395,2603.3,85.6969,189219.82,2024-03
2024-04-01 16:00:00+00:00,ny_pm,bull,2024-04-01 17:15:00+00:00,OB,39520.239,39480.177198375626,39594.739,39542.983,40.06180162437522,2024-04-01 22:00:00+00:00,stop,1,0.463,876.09,47.232,190095.91,2024-04
2024-04-01 17:00:00+00:00,ny_pm,bull,2024-04-01 18:00:00+00:00,OB,39520.239,39480.20429646799,39558.499,39520.863,40.03470353200828,2024-04-01 19:50:00+00:00,all_targets,3,0.918,1745.08,47.4828,191840.99,2024-04
2024-04-08 16:00:00+00:00,ny_pm,bull,2024-04-08 17:05:00+00:00,OB,38923.227,38847.51124190333,38999.251,38938.257,75.71575809666683,2024-04-09 08:45:00+00:00,stop,0,-1.02,-1956.78,25.337,189884.21,2024-04
2024-04-15 01:00:00+00:00,asian_kz,bull,2024-04-15 03:00:00+00:00,OB,38034.263,37999.28742359415,38089.239,38046.227,34.975576405850006,2024-04-15 04:45:00+00:00,all_targets,3,1.243,2360.26,54.2905,192244.47,2024-04
2024-04-26 06:00:00+00:00,london_kz,bear,2024-04-26 07:00:00+00:00,OB,38157.587,38186.67543424403,38133.751,38157.019,29.088434244033124,2024-04-26 07:20:00+00:00,all_targets,3,0.768,1476.44,66.0897,193720.91,2024-04
2024-04-26 09:00:00+00:00,london,bull,2024-04-26 10:10:00+00:00,OB,38140.587,38117.023160211254,38176.563,38151.032999999996,23.5638397887451,2024-04-26 10:55:00+00:00,stop,0,-1.064,-2061.19,82.2111,191659.72,2024-04
2024-05-08 16:00:00+00:00,ny_pm,bull,2024-05-08 17:00:00+00:00,OB,38952.227,38918.72362160459,38983.299,38958.293,33.50337839540589,2024-05-08 17:45:00+00:00,all_targets,3,0.883,1692.36,57.2061,193352.08,2024-05
2024-05-09 11:00:00+00:00,ny_am_kz,bull,2024-05-09 12:00:00+00:00,OB,38971.075,38958.95588997774,39005.599,38987.557,12.119110022256791,2024-05-09 12:10:00+00:00,stop,0,-1.124,-2173.28,159.5431,191178.8,2024-05
2024-05-16 11:00:00+00:00,ny_am_kz,bear,2024-05-16 12:20:00+00:00,OB,39917.551,39941.549500632245,39900.299,39916.549,23.99850063224585,2024-05-16 12:30:00+00:00,stop,0,-1.063,-2032.23,79.6628,189146.57,2024-05
2024-05-27 02:00:00+00:00,asian,bear,2024-05-27 03:05:00+00:00,OB,39034.499,39056.80730687655,39006.763,39030.239,22.30830687654816,2024-05-27 05:50:00+00:00,stop,0,-1.067,-2018.19,84.7875,187128.38,2024-05
2024-06-06 11:00:00+00:00,ny_am_kz,bull,2024-06-06 12:00:00+00:00,OB,38779.027,38763.67052724205,38795.563,38783.032999999996,15.356472757950542,2024-06-06 12:15:00+00:00,stop,0,-1.098,-2054.67,121.8564,185073.71,2024-06
2024-06-10 15:00:00+00:00,london_close,bull,2024-06-10 17:00:00+00:00,OB,38736.951,38686.592442400724,38854.463,38772.457,50.35855759927654,2024-06-10 17:45:00+00:00,all_targets,3,1.537,2844.58,36.7512,187918.29,2024-06
2024-06-14 18:00:00+00:00,ny_pm,bull,2024-06-14 19:40:00+00:00,OB,38538.787,38454.95950636521,38600.227,38545.215,83.82749363478797,2024-06-17 07:15:00+00:00,all_targets,3,0.715,1343.62,22.4173,189261.91,2024-06
2024-06-18 17:00:00+00:00,ny_pm,bull,2024-06-18 18:00:00+00:00,OB,38758.763,38740.79010661579,38840.299,38800.513,17.97289338421251,2024-06-18 18:15:00+00:00,stop,2,1.217,2303.32,105.3041,191565.23,2024-06
2024-06-24 18:00:00+00:00,ny_pm,bull,2024-06-24 19:00:00+00:00,OB,39417.715,39349.27949824563,39472.727,39420.715,68.43550175436394,2024-06-24 19:50:00+00:00,all_targets,3,0.782,1498.04,27.9921,193063.27,2024-06
2024-06-26 08:00:00+00:00,london_kz,bear,2024-06-26 09:05:00+00:00,OB,39138.039,39163.37388095998,39110.003,39134.759,25.33488095998473,2024-06-26 09:45:00+00:00,all_targets,3,0.994,1919.05,76.2045,194982.32,2024-06
2024-06-27 16:00:00+00:00,ny_pm,bear,2024-06-27 17:00:00+00:00,OB,39218.215,39249.469843977946,39158.227,39189.113,31.25484397794935,2024-06-27 17:25:00+00:00,stop,0,-1.048,-2043.41,62.3847,192938.91,2024-06
2024-07-08 17:00:00+00:00,ny_pm,bull,2024-07-08 18:40:00+00:00,OB,39312.239,39268.305193319786,39354.263,39319.501000000004,43.93380668021564,2024-07-08 20:05:00+00:00,all_targets,3,0.922,1778.9,43.9158,194717.81,2024-07
2024-07-22 07:00:00+00:00,london_kz,bull,2024-07-22 08:00:00+00:00,OB,40320.099,40287.73568863784,40350.499,40320.381,32.36331136216177,2024-07-22 08:20:00+00:00,all_targets,3,0.893,1738.83,60.1662,196456.64,2024-07
2024-07-22 12:00:00+00:00,ny_am_kz,bear,2024-07-22 13:25:00+00:00,OB,40377.763,40388.44440443515,40327.575,40349.575,10.681404435148579,2024-07-22 13:30:00+00:00,stop,0,-1.14,-2239.61,183.924,194217.03,2024-07
2024-08-12 12:00:00+00:00,ny_am_kz,bear,2024-08-12 13:20:00+00:00,OB,39578.051,39611.1373322868,39535.039,39562.039,33.086332286802644,2024-08-12 13:30:00+00:00,all_targets,3,1.105,2146.1,58.7001,196363.13,2024-08
2024-08-13 14:00:00+00:00,london_close,bull,2024-08-13 15:05:00+00:00,OB,39519.775,39384.276599219156,39647.999,39522.037,135.49840078084526,2024-08-13 16:15:00+00:00,all_targets,3,0.935,1836.0,14.4919,198199.13,2024-08
2024-08-30 09:00:00+00:00,london,bull,2024-08-30 10:30:00+00:00,OB,41383.499,41381.2579553808,41426.427,41406.421,2.241044619200693,2024-08-30 10:35:00+00:00,stop,0,-1.669,-3307.94,884.4051,194891.19,2024-08
2024-09-06 09:00:00+00:00,london,bull,2024-09-06 10:40:00+00:00,OB,40611.515,40578.00432878827,40668.087,40626.545,33.51067121172673,2024-09-06 12:30:00+00:00,stop,1,0.455,886.75,58.1579,195777.94,2024-09
2024-09-06 10:00:00+00:00,london,bear,2024-09-06 11:00:00+00:00,OB,40615.299,40650.20987340819,40580.299,40612.049,34.91087340818922,2024-09-06 12:25:00+00:00,stop,0,-1.043,-2041.96,56.0794,193735.98,2024-09
2024-09-06 11:00:00+00:00,ny_am_kz,bull,2024-09-06 12:10:00+00:00,OB,40611.515,40590.265163622375,40648.099,40623.551,21.249836377624888,2024-09-06 12:25:00+00:00,stop,1,0.429,831.13,91.1706,194567.11,2024-09
2024-09-17 01:00:00+00:00,asian_kz,bull,2024-09-17 02:05:00+00:00,OB,41590.225,41572.750682904836,41612.997,41594.361000000004,17.474317095162405,2024-09-17 06:00:00+00:00,all_targets,3,1.066,2074.09,111.3446,196641.2,2024-09
2024-09-24 09:00:00+00:00,london,bear,2024-09-24 10:30:00+00:00,OB,42208.075,42226.12852283302,42168.099,42194.337,18.053522833026364,2024-09-24 10:55:00+00:00,all_targets,3,1.46,2870.96,108.9212,199512.16,2024-09
2024-09-24 15:00:00+00:00,london_close,bear,2024-09-24 16:10:00+00:00,OB,42169.799,42293.00359186408,42076.999,42164.999,123.2045918640797,2024-09-24 18:30:00+00:00,all_targets,3,0.741,1478.39,16.1936,200990.55,2024-09
2024-10-03 14:00:00+00:00,london_close,bear,2024-10-03 16:20:00+00:00,OB,42113.775,42142.4313127691,41841.299,41968.413,28.656312769096985,2024-10-04 11:45:00+00:00,stop,2,1.248,2508.36,70.1383,203498.91,2024-10
2024-10-07 14:00:00+00:00,london_close,bear,2024-10-07 15:20:00+00:00,OB,42228.451,42300.442304435346,42119.499,42192.099,71.99130443534523,2024-10-07 16:00:00+00:00,all_targets,3,1.236,2515.25,28.2672,206014.16,2024-10
2024-10-21 13:00:00+00:00,ny_am_kz,bear,2024-10-21 14:10:00+00:00,OB,43194.203,43298.62428879414,43156.599,43189.081000000006,104.4212887941394,2024-10-21 14:25:00+00:00,all_targets,3,0.346,712.81,19.7291,206726.97,2024-10
2024-10-23 07:00:00+00:00,london_kz,bear,2024-10-23 08:00:00+00:00,OB,42799.539,42829.9283812519,42780.203,42797.221000000005,30.389381251901796,2024-10-23 08:40:00+00:00,all_targets,3,0.587,1213.49,68.0261,207940.46,2024-10
2024-10-25 18:00:00+00:00,ny_pm,bull,2024-10-25 19:55:00+00:00,OB,42088.151,42040.61430429689,42304.163,42177.633,47.5366957031074,2024-10-28 00:10:00+00:00,all_targets,3,1.977,4110.98,43.7431,212051.44,2024-10
2024-10-29 17:00:00+00:00,ny_pm,bear,2024-10-29 18:00:00+00:00,OB,42317.115,42394.02533395595,42256.675,42309.431,76.9103339559515,2024-10-29 19:50:00+00:00,all_targets,3,0.766,1624.31,27.5713,213675.75,2024-10
2024-11-05 08:00:00+00:00,london_kz,bull,2024-11-05 09:00:00+00:00,OB,41849.927,41794.11450683453,41881.115,41852.407,55.812493165474734,2024-11-05 11:25:00+00:00,all_targets,3,0.532,1136.75,38.2846,214812.5,2024-11
2024-11-07 12:00:00+00:00,ny_am_kz,bear,2024-11-07 13:00:00+00:00,OB,43830.003,43846.59633216242,43781.027,43812.032999999996,16.593332162425213,2024-11-07 13:30:00+00:00,all_targets,3,1.6,3437.0,129.4571,218249.5,2024-11
2024-12-10 14:00:00+00:00,ny_am_kz,bull,2024-12-10 15:05:00+00:00,OB,44268.287,44188.40787617282,44360.503,44323.02099999999,79.87912382717332,2024-12-10 15:25:00+00:00,all_targets,3,1.058,2309.08,27.3225,220558.58,2024-12
2024-12-17 10:00:00+00:00,london,bear,2024-12-17 11:15:00+00:00,OB,43600.539,43609.02476491908,43554.063,43576.181,8.485764919081703,2024-12-17 11:45:00+00:00,all_targets,3,2.019,4453.08,259.916,225011.66,2024-12
2024-12-26 17:00:00+00:00,ny_pm,bear,2024-12-26 18:05:00+00:00,OB,43328.251,43385.71234468807,43239.715,43300.357,57.46134468807577,2024-12-26 19:55:00+00:00,stop,1,0.474,1066.56,39.1588,226078.22,2024-12
2024-12-26 19:00:00+00:00,ny_pm,bull,2024-12-26 20:00:00+00:00,OB,43313.275,43252.71435303457,43360.299,43317.531,60.56064696543035,2024-12-26 20:50:00+00:00,all_targets,3,0.752,1700.11,37.3309,227778.33,2024-12
2024-12-31 17:00:00+00:00,ny_pm,bull,2024-12-31 18:00:00+00:00,OB,42566.375,42414.33110877689,42643.597,42567.7,152.04389122311113,2024-12-31 18:25:00+00:00,stop,0,-1.01,-2300.56,14.9811,225477.77,2024-12
2025-01-22 16:00:00+00:00,london_close,bull,2025-01-22 17:10:00+00:00,OB,44114.815,44038.88430822955,44198.827,44136.565,75.93069177045254,2025-01-22 20:05:00+00:00,all_targets,3,1.033,2329.19,29.6952,227806.96,2025-01
2025-01-22 20:00:00+00:00,ny_pm,bear,2025-01-22 21:05:00+00:00,OB,44153.099,44209.696016815724,44112.339,44152.100999999995,56.59701681572187,2025-01-23 07:05:00+00:00,all_targets,3,0.694,1580.98,40.2507,229387.94,2025-01
2025-01-28 19:00:00+00:00,ny_pm,bull,2025-01-28 20:25:00+00:00,OB,44843.575,44773.00851581926,44911.027,44866.021,70.56648418073746,2025-01-29 09:05:00+00:00,stop,0,-1.021,-2342.05,32.5066,227045.89,2025-01
2025-02-04 17:00:00+00:00,ny_pm,bull,2025-02-04 18:35:00+00:00,OB,44463.499,44393.25364087253,44548.263,44480.031,70.24535912747524,2025-02-04 19:05:00+00:00,all_targets,3,1.082,2456.64,32.3218,229502.53,2025-02
2025-02-25 03:00:00+00:00,asian,bear,2025-02-25 04:20:00+00:00,OB,43560.651,43582.5194890035,43523.651,43547.668999999994,21.868489003500144,2025-02-25 05:00:00+00:00,all_targets,3,1.277,2930.75,104.9467,232433.28,2025-02
2025-03-13 08:00:00+00:00,london_kz,bull,2025-03-13 09:05:00+00:00,OB,41196.551,41096.94711480916,41272.503,41205.003,99.6038851908379,2025-03-13 09:15:00+00:00,all_targets,3,0.747,1736.28,23.3358,234169.56,2025-03
2025-03-25 08:00:00+00:00,london_kz,bull,2025-03-25 09:00:00+00:00,OB,42505.403,42477.459680347354,42537.427,42510.921,27.943319652644277,2025-03-25 10:10:00+00:00,stop,1,0.446,1044.4,83.8016,235213.96,2025-03
2025-03-27 19:00:00+00:00,ny_pm,bear,2025-03-27 20:00:00+00:00,OB,42320.274,42463.65317219347,42227.698,42311.174,143.37917219347582,2025-03-28 07:35:00+00:00,all_targets,3,0.635,1493.61,16.405,236707.57,2025-03
2025-03-28 08:00:00+00:00,london_kz,bull,2025-03-28 09:45:00+00:00,OB,42215.098,42156.52754212574,42289.798,42225.162,58.570457874258864,2025-03-28 10:10:00+00:00,all_targets,3,1.112,2632.19,40.4142,239339.76,2025-03
2025-03-31 00:00:00+00:00,asian_kz,bear,2025-03-31 01:00:00+00:00,OB,41392.098,41437.73296036052,41351.526,41392.038,45.63496036051947,2025-03-31 03:10:00+00:00,all_targets,3,0.856,2048.75,52.4466,241388.51,2025-03
2025-03-31 05:00:00+00:00,asian,bear,2025-03-31 06:20:00+00:00,OB,41419.586,41443.53067613194,41375.562,41405.8,23.944676131934102,2025-03-31 06:30:00+00:00,all_targets,3,1.357,3275.64,100.8109,244664.15,2025-03
2025-04-07 05:00:00+00:00,asian,bear,2025-04-07 06:00:00+00:00,OB,37336.515,37495.140316184974,37060.599,37214.843,158.6253161849745,2025-04-07 06:25:00+00:00,all_targets,3,1.36,3327.43,15.424,247991.58,2025-04
2025-04-15 10:00:00+00:00,london,bull,2025-04-15 11:40:00+00:00,OB,40489.039,40480.54660528622,40622.027,40560.015,8.492394713779504,2025-04-15 11:45:00+00:00,stop,0,-1.177,-2918.86,292.0161,245072.72,2025-04
2025-04-28 11:00:00+00:00,ny_am_kz,bull,2025-04-28 12:05:00+00:00,OB,40041.599,40005.55342707019,40117.515,40065.057,36.0455729298119,2025-04-28 12:45:00+00:00,all_targets,3,1.48,3627.08,67.9897,248699.8,2025-04
2025-04-30 08:00:00+00:00,london_kz,bear,2025-04-30 09:25:00+00:00,OB,40541.003,40570.379148204265,40485.527,40514.301,29.376148204268247,2025-04-30 10:30:00+00:00,all_targets,3,1.393,3464.39,84.6605,252164.19,2025-04
2025-05-14 19:00:00+00:00,ny_pm,bear,2025-05-14 20:05:00+00:00,OB,42064.215,42129.36961150546,42002.715,42054.971,65.15461150546616,2025-05-14 22:00:00+00:00,all_targets,3,0.921,2322.43,38.7024,254486.62,2025-05
2025-05-22 01:00:00+00:00,asian_kz,bear,2025-05-22 02:00:00+00:00,OB,41859.075,41914.14068697307,41820.539,41856.545,55.06568697307375,2025-05-22 08:10:00+00:00,all_targets,3,0.673,1712.69,46.2151,256199.31,2025-05
2025-05-26 08:00:00+00:00,london_kz,bear,2025-05-26 09:05:00+00:00,OB,42061.063,42112.47146579336,42004.799,42047.949,51.4084657933563,2025-05-26 14:35:00+00:00,all_targets,3,1.018,2608.11,49.836,258807.42,2025-05
2025-05-28 12:00:00+00:00,ny_am_kz,bear,2025-05-28 13:10:00+00:00,OB,42347.751,42373.2947887529,42315.727,42341.251000000004,25.54378875290422,2025-05-28 13:20:00+00:00,all_targets,3,1.068,2764.06,101.3191,261571.48,2025-05
2025-05-28 17:00:00+00:00,ny_pm,bear,2025-05-28 18:00:00+00:00,OB,42225.463,42279.64076228183,42179.415,42217.057,54.17776228182629,2025-05-28 18:50:00+00:00,all_targets,3,0.822,2150.12,48.2802,263721.6,2025-05
2025-05-30 10:00:00+00:00,london,bull,2025-05-30 12:05:00+00:00,OB,42137.215,42133.37750871082,42206.039,42177.539,3.837491289174068,2025-05-30 12:10:00+00:00,stop,0,-1.391,-3668.37,687.224,260053.23,2025-05
2025-06-09 09:00:00+00:00,london,bear,2025-06-09 10:00:00+00:00,OB,42796.763,42826.85115137981,42766.263,42795.251000000004,30.08815137980855,2025-06-09 11:30:00+00:00,stop,0,-1.05,-2730.56,86.4304,257322.67,2025-06
2025-06-11 11:00:00+00:00,ny_am_kz,bull,2025-06-11 12:00:00+00:00,OB,42776.563,42718.59085096387,42815.587,42793.843,57.97214903613349,2025-06-11 12:05:00+00:00,all_targets,3,0.647,1664.88,44.3873,258987.55,2025-06
2025-06-16 08:00:00+00:00,london_kz,bull,2025-06-16 09:35:00+00:00,OB,42325.075,42317.44338486586,42415.799,42369.193,7.631615134137974,2025-06-16 09:40:00+00:00,stop,0,-1.197,-3100.08,339.3614,255887.47,2025-06
2025-06-18 11:00:00+00:00,ny_am_kz,bull,2025-06-18 12:35:00+00:00,OB,42227.539,42150.50520861054,42296.839,42229.820999999996,77.03379138945456,2025-06-18 13:50:00+00:00,all_targets,3,0.88,2251.81,33.2176,258139.28,2025-06
2025-07-03 09:00:00+00:00,london,bull,2025-07-03 10:15:00+00:00,OB,44477.587,44455.106662444705,44504.551,44480.562999999995,22.480337555294682,2025-07-03 10:45:00+00:00,all_targets,3,1.033,2666.58,114.8289,260805.86,2025-07
2025-07-15 23:00:00+00:00,off_hours,bull,2025-07-16 00:10:00+00:00,OB,43905.203,43892.36583290494,43980.239,43941.483,12.837167095058248,2025-07-16 01:20:00+00:00,all_targets,3,2.152,5612.54,203.1647,266418.4,2025-07
2025-07-23 10:00:00+00:00,london,bear,2025-07-23 13:00:00+00:00,OB,44752.399,44752.502733445705,44708.187,44724.431,0.10373344570689369,2025-07-23 13:05:00+00:00,stop,0,-15.46,-41188.28,25682.9799,225230.12,2025-07
2025-08-06 18:00:00+00:00,ny_pm,bear,2025-08-06 19:00:00+00:00,OB,44225.715,44299.83174915849,44180.203,44215.501000000004,74.1167491584929,2025-08-06 22:00:00+00:00,all_targets,3,0.594,1337.87,30.3886,226567.99,2025-08
2025-08-11 19:00:00+00:00,ny_pm,bull,2025-08-11 22:05:00+00:00,OB,43966.487,43906.34563041224,44020.799,43969.693,60.14136958776362,2025-08-12 00:20:00+00:00,all_targets,3,0.878,1989.27,37.6726,228557.26,2025-08
2025-08-19 06:00:00+00:00,london_kz,bear,2025-08-19 07:00:00+00:00,OB,44861.603,44864.59454598841,44823.315,44842.351,2.9915459884068696,2025-08-19 07:15:00+00:00,stop,2,0.799,1826.17,764.0105,230383.43,2025-08
2025-08-26 11:00:00+00:00,ny_am_kz,bull,2025-08-26 12:10:00+00:00,OB,45202.463,45189.47293789157,45239.499,45223.451,12.99006210843072,2025-08-26 12:30:00+00:00,all_targets,3,1.555,3582.46,177.3536,233965.89,2025-08
2025-08-27 11:00:00+00:00,ny_am_kz,bear,2025-08-27 12:15:00+00:00,OB,45450.415,45452.820874069446,45425.403,45437.921,2.4058740694454173,2025-08-27 12:20:00+00:00,stop,0,-1.623,-3797.27,972.4777,230168.62,2025-08
2025-09-16 07:00:00+00:00,london_kz,bull,2025-09-16 08:20:00+00:00,OB,45897.329,45881.56377579131,45941.099,45915.459,15.765224208691507,2025-09-16 09:15:00+00:00,stop,2,1.205,2773.53,145.9977,232942.15,2025-09
2025-09-26 08:00:00+00:00,london_kz,bear,2025-09-26 09:10:00+00:00,OB,46051.963,46090.04385981756,46009.551,46043.769,38.08085981755721,2025-09-26 10:05:00+00:00,all_targets,3,1.017,2369.02,61.1704,235311.17,2025-09
2025-10-07 18:00:00+00:00,ny_pm,bull,2025-10-07 19:00:00+00:00,OB,46544.963,46473.99479363977,46592.975,46547.463,70.9682063602304,2025-10-07 19:50:00+00:00,all_targets,3,0.655,1541.29,33.1573,236852.46,2025-10
2025-10-21 18:00:00+00:00,ny_pm,bear,2025-10-21 19:50:00+00:00,OB,47005.439,47050.99401344641,46942.439,46991.189,45.555013446413795,2025-10-21 19:55:00+00:00,all_targets,3,1.159,2745.12,51.9926,239597.58,2025-10
2025-10-22 05:00:00+00:00,asian,bear,2025-10-22 06:25:00+00:00,OB,46995.903,46999.76609841089,46947.499,46972.993,3.8630984108895063,2025-10-22 06:35:00+00:00,stop,2,0.912,2185.13,620.2213,241782.71,2025-10
2025-10-23 12:00:00+00:00,ny_am_kz,bull,2025-10-23 13:05:00+00:00,OB,46484.903,46462.61165320105,46569.975,46519.475,22.291346798949235,2025-10-23 13:30:00+00:00,all_targets,3,1.796,4342.42,108.4648,246125.13,2025-10
2025-10-28 08:00:00+00:00,london_kz,bull,2025-10-28 09:20:00+00:00,OB,47527.503,47512.84083276095,47553.799,47536.799,14.66216723904654,2025-10-28 09:55:00+00:00,all_targets,3,1.294,3184.86,167.8641,249309.99,2025-10
2025-10-29 02:00:00+00:00,asian,bull,2025-10-29 03:30:00+00:00,OB,47660.849,47640.80701708748,47687.101,47664.845,20.041982912523963,2025-10-29 04:30:00+00:00,all_targets,3,1.08,2692.55,124.3939,252002.54,2025-10
2025-10-30 11:00:00+00:00,ny_am_kz,bear,2025-10-30 12:00:00+00:00,OB,47492.939,47553.48064905373,47451.915,47487.933000000005,60.54164905373182,2025-10-30 12:10:00+00:00,all_targets,3,0.653,1645.58,41.6247,253648.12,2025-10
2025-10-30 23:00:00+00:00,off_hours,bull,2025-10-31 00:00:00+00:00,OB,47563.487,47520.9727664157,47624.403,47586.183000000005,42.51423358429747,2025-10-31 00:25:00+00:00,all_targets,3,1.181,2995.58,59.6619,256643.7,2025-10
2025-11-05 11:00:00+00:00,london,bull,2025-11-05 12:00:00+00:00,OB,47070.415,47019.840760535975,47148.451,47089.475000000006,50.574239464025595,2025-11-05 14:00:00+00:00,all_targets,3,1.242,3187.51,50.7459,259831.21,2025-11
2025-11-14 09:00:00+00:00,london_kz,bear,2025-11-14 10:05:00+00:00,OB,47386.939,47458.05716351935,47326.939,47379.189,71.11816351934976,2025-11-14 11:05:00+00:00,all_targets,3,0.823,2138.41,36.5351,261969.62,2025-11
2025-11-19 00:00:00+00:00,off_hours,bull,2025-11-19 01:05:00+00:00,OB,46099.915,46040.7079217595,46163.499,46109.519,59.20707824049896,2025-11-19 01:20:00+00:00,all_targets,3,1.012,2651.13,44.2463,264620.75,2025-11
2025-11-19 01:00:00+00:00,asian_kz,bear,2025-11-19 02:30:00+00:00,OB,46169.499,46176.23015591108,46044.939,46103.195,6.731155911074893,2025-11-19 02:35:00+00:00,stop,0,-1.223,-3236.31,393.1282,261384.44,2025-11
2025-11-20 18:00:00+00:00,ny_pm,bear,2025-11-20 19:25:00+00:00,OB,45942.883,46160.45071717383,45734.375,45938.520000000004,217.567717173828,2025-11-20 20:55:00+00:00,all_targets,3,0.951,2485.77,12.0139,263870.21,2025-11
2025-11-21 05:00:00+00:00,asian,bear,2025-11-21 06:10:00+00:00,OB,45935.487,45984.43541282724,45874.427,45919.313,48.94841282723792,2025-11-21 07:30:00+00:00,all_targets,3,1.093,2884.1,53.9078,266754.31,2025-11
2025-11-21 10:00:00+00:00,london,bull,2025-11-21 12:20:00+00:00,OB,45778.927,45748.98816878911,45981.963,45924.331000000006,29.938831210893113,2025-11-21 12:35:00+00:00,all_targets,3,2.406,6418.11,89.0998,273172.42,2025-11
2025-11-25 10:00:00+00:00,london,bull,2025-11-25 11:20:00+00:00,OB,46373.475,46343.82507682506,46426.699,46387.075,29.64992317494034,2025-11-25 12:05:00+00:00,all_targets,3,1.347,3679.63,92.1326,276852.05,2025-11
2025-11-27 10:00:00+00:00,london,bull,2025-11-27 11:05:00+00:00,OB,47412.939,47379.615017688535,47442.963,47415.433000000005,33.323982311463624,2025-11-27 14:15:00+00:00,all_targets,3,0.856,2369.85,83.0789,279221.9,2025-11
2025-12-02 16:00:00+00:00,london_close,bear,2025-12-02 17:20:00+00:00,OB,47542.415,47607.57690586599,47318.403,47438.659,65.1619058659926,2025-12-02 18:40:00+00:00,all_targets,3,1.765,4928.27,42.8505,284150.17,2025-12
2025-12-04 10:00:00+00:00,london,bear,2025-12-04 11:10:00+00:00,OB,47936.475,47956.39941920338,47886.499,47919.975000000006,19.92441920338024,2025-12-04 13:20:00+00:00,stop,1,0.425,1207.64,142.614,285357.81,2025-12
2025-12-04 12:00:00+00:00,ny_am_kz,bear,2025-12-04 13:20:00+00:00,OB,47936.475,47956.83856574431,47910.415,47927.951,20.36356574430829,2025-12-04 13:30:00+00:00,all_targets,3,1.066,3041.91,140.1316,288399.72,2025-12
2025-12-04 17:00:00+00:00,ny_pm,bull,2025-12-04 18:05:00+00:00,OB,47852.073,47764.26650731295,47910.189,47854.115999999995,87.8064926870502,2025-12-04 18:20:00+00:00,all_targets,3,0.645,1860.18,32.8449,290259.9,2025-12
2025-12-16 18:00:00+00:00,ny_pm,bull,2025-12-16 19:00:00+00:00,OB,48028.499,47910.977314932716,48210.987,48087.469,117.52168506728776,2025-12-17 00:00:00+00:00,stop,1,0.487,1413.57,24.6984,291673.47,2025-12
2025-12-19 18:00:00+00:00,ny_pm,bear,2025-12-19 19:25:00+00:00,OB,48249.847,48285.41013332152,48200.977,48237.286,35.56313332152058,2025-12-19 20:00:00+00:00,all_targets,3,1.145,3339.66,82.0157,295013.13,2025-12
2025-12-30 03:00:00+00:00,asian,bear,2025-12-30 04:00:00+00:00,OB,48471.903,48490.8008856067,48455.939,48471.451,18.89788560670422,2025-12-30 04:15:00+00:00,stop,0,-1.079,-3183.19,156.1091,291829.94,2025-12
2026-01-07 05:00:00+00:00,asian,bear,2026-01-07 06:10:00+00:00,OB,49539.199,49555.976131085314,49515.963,49534.581000000006,16.777131085313158,2026-01-07 06:40:00+00:00,all_targets,3,1.103,3218.88,173.9451,295048.82,2026-01
2026-01-26 01:00:00+00:00,asian_kz,bear,2026-01-26 02:10:00+00:00,OB,49001.451,49058.37223809702,48936.999,48984.225000000006,56.92123809702025,2026-01-26 07:20:00+00:00,stop,0,-1.026,-3027.2,51.8346,292021.62,2026-01
