side,entry_time,entry_price,stop,target,exit_time,exit_price,exit_reason,realized_r,atr_at_exit,level_price,level_time,h4_signal,cost_r,net_r
long,2022-09-15 13:00:00+00:00,1686.186,1684.1314651411499,1692.34960457655,2022-09-15 13:15:00+00:00,1684.1314651411499,stop,-1.0,2.845179325012044,1686.114,1663235100000000000,1,0.1909234903272243,-1.1909234903272243
long,2022-09-15 13:30:00+00:00,1683.888,1679.423642902318,1697.2810712930454,2022-09-15 14:45:00+00:00,1679.423642902318,stop,-1.0,4.452204789854515,1681.968,1663247700000000000,1,0.10586300090961205,-1.105863000909612
long,2022-09-15 23:30:00+00:00,1661.908,1660.5810057442693,1665.8889827671917,2022-09-16 00:30:00+00:00,1665.8889827671917,target,3.0,1.967714853006215,1661.354,1663272900000000000,1,0.1883956911798075,2.8116043088201925
short,2022-10-03 13:15:00+00:00,1668.608,1675.4889973374156,1647.9650079877529,2022-10-03 14:00:00+00:00,1675.4889973374156,stop,-1.0,3.731866314750244,1669.385,1664764200000000000,-1,0.06344913307312575,-1.0634491330731257
short,2022-10-03 14:30:00+00:00,1686.705,1692.4469041946827,1669.4792874159516,2022-10-03 15:00:00+00:00,1692.4469041946827,stop,-1.0,4.526867498323123,1689.618,1663224300000000000,-1,0.08295912971819847,-1.0829591297181984
short,2022-10-03 15:45:00+00:00,1690.265,1693.7263969636097,1679.8808091091714,2022-10-03 17:30:00+00:00,1693.7263969636097,stop,-1.0,3.8484340358867524,1691.248,1663238700000000000,-1,0.1278159386067579,-1.1278159386067579
short,2022-10-03 17:45:00+00:00,1694.935,1698.1526280528542,1685.2821158414372,2022-10-03 18:30:00+00:00,1698.1526280528542,stop,-1.0,3.4180262780862583,1696.428,1663209900000000000,-1,0.13081105304603036,-1.1308110530460302
short,2022-10-03 23:15:00+00:00,1701.505,1703.1822047815947,1696.4733856552164,2022-10-04 01:15:00+00:00,1696.4733856552164,target,3.0,2.062004466911158,1702.264,1662504300000000000,-1,0.14905752877851652,2.8509424712214835
short,2022-10-04 04:30:00+00:00,1700.004,1701.898757413165,1694.3197277605047,2022-10-04 05:45:00+00:00,1701.898757413165,stop,-1.0,2.190790218896091,1700.142,1664825400000000000,-1,0.18975490395059083,-1.1897549039505908
short,2022-10-04 06:15:00+00:00,1702.324,1704.1663513474389,1696.7969459576836,2022-10-04 06:30:00+00:00,1704.1663513474389,stop,-1.0,2.194373218263367,1702.465,1664841600000000000,-1,0.1952497613515688,-1.195249761351569
short,2022-10-04 07:15:00+00:00,1708.397,1711.1837886254216,1700.036634123735,2022-10-04 10:15:00+00:00,1711.1837886254216,stop,-1.0,2.6972061146369892,1708.434,1662013800000000000,-1,0.13810172117866273,-1.1381017211786628
short,2022-10-04 10:30:00+00:00,1709.704,1712.1540859890774,1702.3537420327675,2022-10-04 11:00:00+00:00,1702.3537420327675,target,3.0,2.8937233359538777,1710.054,1658184300000000000,-1,0.10203723506624006,2.89796276493376
short,2022-10-04 11:15:00+00:00,1700.987,1704.17595150073,1691.4201454978104,2022-10-04 11:30:00+00:00,1704.17595150073,stop,-1.0,2.9918736927357297,1701.288,1664860500000000000,-1,0.1253056638037066,-1.1253056638037067
short,2022-10-04 13:00:00+00:00,1712.467,1714.7913658887994,1705.4939023336021,2022-10-04 14:00:00+00:00,1714.7913658887994,stop,-1.0,3.6460861576776527,1713.294,1658290500000000000,-1,0.18598806236448198,-1.185988062364482
short,2022-10-04 14:45:00+00:00,1720.604,1723.8269139163722,1710.9352582508836,2022-10-04 15:00:00+00:00,1723.8269139163722,stop,-1.0,4.003828788771112,1720.698,1658132100000000000,-1,0.13968459944015893,-1.139684599440159
short,2022-10-04 15:30:00+00:00,1726.194,1729.990528161177,1714.8044155164687,2022-10-05 08:00:00+00:00,1714.8044155164687,target,3.0,2.6932314044679044,1726.328,1657665000000000000,-1,0.0658496366644858,2.9341503633355144
long,2022-10-28 06:15:00+00:00,1658.937,1657.0553442861708,1664.5819671414872,2022-10-28 06:45:00+00:00,1657.0553442861708,stop,-1.0,1.8573812183184017,1658.857,1666856700000000000,1,0.18221668204019817,-1.1822166820401983
long,2022-10-28 07:15:00+00:00,1652.797,1650.6844432256696,1659.1346703229913,2022-10-28 08:00:00+00:00,1650.6844432256696,stop,-1.0,2.1652536846497723,1652.785,1664415000000000000,1,0.1695872454580738,-1.1695872454580738
long,2022-10-28 08:30:00+00:00,1650.678,1647.134594582593,1661.3082162522212,2022-10-28 09:15:00+00:00,1647.134594582593,stop,-1.0,2.3222434427148215,1650.677,1666658700000000000,1,0.1033221234965691,-1.103322123496569
long,2022-10-28 10:00:00+00:00,1649.098,1646.8404548275898,1655.8706355172303,2022-10-28 11:00:00+00:00,1646.8404548275898,stop,-1.0,2.2231244506807033,1648.538,1665990900000000000,1,0.1599774068522716,-1.1599774068522717
long,2022-10-28 12:30:00+00:00,1646.117,1638.8807481858112,1667.8257554425663,2022-10-28 15:15:00+00:00,1638.8807481858112,stop,-1.0,3.729639309817115,1645.647,1666109700000000000,1,0.060318791647770605,-1.0603187916477705
long,2022-10-28 17:30:00+00:00,1641.388,1640.0021057207484,1645.5456828377544,2022-10-28 20:45:00+00:00,1645.5456828377544,target,3.0,1.8251273859471124,1641.265,1665766800000000000,1,0.18038894000992867,2.8196110599900712
long,2022-10-30 22:00:00+00:00,1643.198,1640.719978799629,1650.6320636011135,2022-10-31 01:00:00+00:00,1640.719978799629,stop,-1.0,1.4597508948262572,1642.868,1663938900000000000,1,0.13034091261726868,-1.1303409126172688
long,2022-10-31 01:15:00+00:00,1642.338,1640.3574265364412,1648.2797203906764,2022-10-31 07:15:00+00:00,1640.3574265364412,stop,-1.0,1.5727173524621973,1641.544,1664440200000000000,1,0.16592965303725588,-1.1659296530372558
long,2022-10-31 10:15:00+00:00,1637.755,1636.2808508637027,1642.1774474088925,2022-10-31 12:30:00+00:00,1636.2808508637027,stop,-1.0,2.232705571909678,1637.567,1666166400000000000,1,0.24531797339296657,-1.2453179733929667
short,2022-11-10 13:00:00+00:00,1709.818,1711.1741330672244,1705.7496007983268,2022-11-10 13:15:00+00:00,1711.1741330672244,stop,-1.0,2.0829594937900406,1709.957,1668054600000000000,-1,0.2611454460102058,-1.2611454460102058
short,2022-11-10 14:15:00+00:00,1739.948,1743.3661902210183,1729.6934293369454,2022-11-10 14:45:00+00:00,1743.3661902210183,stop,-1.0,4.3792031862602645,1740.138,1658952000000000000,-1,0.13719545402400626,-1.1371954540240063
short,2022-11-10 15:00:00+00:00,1746.048,1750.028063744744,1734.107808765768,2022-11-10 15:15:00+00:00,1750.028063744744,stop,-1.0,4.629721114683607,1746.908,1657170000000000000,-1,0.12097445835384384,-1.120974458353844
short,2022-11-10 16:30:00+00:00,1748.858,1752.389212107586,1738.2643636772418,2022-11-10 19:30:00+00:00,1752.389212107586,stop,-1.0,3.136105240828677,1748.958,1661139900000000000,-1,0.11520272632943827,-1.1152027263294382
short,2022-11-10 20:30:00+00:00,1753.038,1754.9472214945592,1747.3103355163223,2022-11-10 20:45:00+00:00,1754.9472214945592,stop,-1.0,2.831876054588499,1753.574,1661270400000000000,-1,0.20510653365539921,-1.2051065336553992
short,2022-11-10 21:00:00+00:00,1755.828,1757.8483797580639,1749.7668607258083,2022-11-11 01:15:00+00:00,1749.7668607258083,target,3.0,2.249514597700185,1757.004,1659046500000000000,-1,0.12373911340290476,2.876260886597095
short,2022-11-11 01:45:00+00:00,1747.368,1749.4023081127725,1741.2650756616822,2022-11-11 02:00:00+00:00,1749.4023081127725,stop,-1.0,2.238501301438547,1747.468,1661345100000000000,-1,0.17791064332858417,-1.1779106433285842
short,2022-11-11 02:30:00+00:00,1750.438,1752.4813062039946,1744.3080813880167,2022-11-11 02:45:00+00:00,1752.4813062039946,stop,-1.0,2.2949953933164875,1750.868,1660929300000000000,-1,0.17850959829357668,-1.1785095982935767
short,2022-11-11 03:15:00+00:00,1751.168,1753.6006238083733,1743.8701285748798,2022-11-11 05:00:00+00:00,1753.6006238083733,stop,-1.0,1.9562962347218507,1752.387,1657294200000000000,-1,0.14297928456462314,-1.1429792845646232
short,2022-11-11 05:30:00+00:00,1760.248,1763.7020016280633,1749.8859951158104,2022-11-11 06:00:00+00:00,1763.7020016280633,stop,-1.0,2.6125250874607087,1761.438,1659546000000000000,-1,0.11019863201004496,-1.110198632010045
short,2022-11-11 06:15:00+00:00,1758.468,1761.691396274364,1748.7978111769082,2022-11-11 07:30:00+00:00,1761.691396274364,stop,-1.0,2.783650753762389,1758.654,1661406300000000000,-1,0.1207367957775884,-1.1207367957775884
short,2022-11-11 09:15:00+00:00,1761.908,1764.8456074453416,1753.095177663975,2022-11-11 10:00:00+00:00,1764.8456074453416,stop,-1.0,3.043546595500137,1762.358,1659330000000000000,-1,0.13690642376766993,-1.13690642376767
short,2022-11-11 10:30:00+00:00,1763.628,1766.566789859142,1754.8116304225734,2022-11-11 18:00:00+00:00,1766.566789859142,stop,-1.0,2.9284888408634857,1763.968,1659315600000000000,-1,0.13489376955958712,-1.134893769559587
short,2022-12-09 10:00:00+00:00,1793.698,1795.203740220889,1789.1807793373337,2022-12-09 11:00:00+00:00,1795.203740220889,stop,-1.0,1.7867200861453747,1794.318,1660091400000000000,-1,0.22536158601579026,-1.2253615860157903
short,2022-12-09 11:30:00+00:00,1798.378,1800.7445240222835,1791.2784279331493,2022-12-09 11:45:00+00:00,1800.7445240222835,stop,-1.0,2.1118600689728164,1798.948,1669955400000000000,-1,0.15025962132660478,-1.1502596213266048
short,2022-12-09 12:30:00+00:00,1800.598,1802.2240000260422,1795.7199999218733,2022-12-09 13:15:00+00:00,1802.2240000260422,stop,-1.0,2.0325097876759743,1800.908,1669988700000000000,-1,0.21625183502590456,-1.2162518350259046
short,2022-12-09 14:30:00+00:00,1797.868,1800.095946350997,1791.1841609470084,2022-12-09 15:00:00+00:00,1800.095946350997,stop,-1.0,3.5071587299066946,1798.224,1660063500000000000,-1,0.19091929045102696,-1.1909192904510268
short,2022-12-11 23:00:00+00:00,1796.017,1797.6305364043067,1791.1763907870802,2022-12-12 01:00:00+00:00,1791.1763907870802,target,3.0,1.7618568378312554,1796.664,1660535100000000000,-1,0.15493917542407887,2.845060824575921
short,2022-12-12 01:30:00+00:00,1791.208,1793.3757762330513,1784.7046713008465,2022-12-12 11:15:00+00:00,1793.3757762330513,stop,-1.0,1.6279074293346987,1791.494,1659632400000000000,-1,0.15287342227213535,-1.1528734222721353
short,2023-01-13 17:30:00+00:00,1915.878,1917.9793022657018,1909.5740932028943,2023-01-13 18:00:00+00:00,1917.9793022657018,stop,-1.0,2.970880661626034,1916.355,1673627400000000000,-1,0.18966525643952659,-1.1896652564395267
long,2023-01-26 14:45:00+00:00,1932.658,1928.3204395241999,1945.6706814274,2023-01-26 15:30:00+00:00,1928.3204395241999,stop,-1.0,3.6165230385480336,1930.055,1674581400000000000,1,0.09932452915205464,-1.0993245291520546
long,2023-01-26 16:15:00+00:00,1925.525,1917.3502614305003,1950.0492157084996,2023-01-27 09:15:00+00:00,1926.743,timeout,0.1489955904576862,1.8409563973776732,1924.715,1674505800000000000,1,0.03058201774583434,0.11841357271185186
long,2023-01-27 10:15:00+00:00,1928.058,1926.4544754191054,1932.8685737426838,2023-01-27 13:15:00+00:00,1932.8685737426838,target,3.0,2.0340957036768748,1927.515,1674211500000000000,1,0.15590655920006288,2.844093440799937
long,2023-01-27 14:30:00+00:00,1924.625,1920.8487766010226,1935.9536701969323,2023-01-27 15:45:00+00:00,1920.8487766010226,stop,-1.0,3.617758911691638,1924.318,1674815400000000000,1,0.11410552291510669,-1.1141055229151067
short,2023-03-10 15:00:00+00:00,1859.315,1863.1520754516423,1847.8037736450733,2023-03-10 15:15:00+00:00,1863.1520754516423,stop,-1.0,4.105971636035715,1859.573,1654704900000000000,-1,0.11865770885660332,-1.1186577088566034
short,2023-03-10 17:45:00+00:00,1864.098,1866.216933657485,1857.7411990275448,2023-03-10 20:30:00+00:00,1866.216933657485,stop,-1.0,3.064226973297855,1864.218,1673023500000000000,-1,0.19028974656217423,-1.1902897465621742
short,2023-03-10 21:45:00+00:00,1867.448,1869.0634475089973,1862.6016574730083,2023-03-12 22:00:00+00:00,1869.0634475089973,stop,-1.0,4.422289908801392,1867.738,1654258500000000000,-1,0.2916309523003336,-1.2916309523003335
short,2023-03-12 22:30:00+00:00,1881.514,1887.871627032532,1862.4411189024038,2023-03-12 23:00:00+00:00,1887.871627032532,stop,-1.0,5.205625314589678,1882.998,1675868400000000000,-1,0.08026285013549395,-1.0802628501354938
short,2023-03-13 00:15:00+00:00,1879.925,1883.5168681865796,1869.149395440261,2023-03-13 02:30:00+00:00,1883.5168681865796,stop,-1.0,4.436794211130302,1880.295,1675913400000000000,-1,0.1313633145891765,-1.1313633145891764
short,2023-03-13 05:30:00+00:00,1879.365,1881.92448041712,1871.6865587486398,2023-03-13 06:00:00+00:00,1881.92448041712,stop,-1.0,3.161163103626941,1879.745,1675883700000000000,-1,0.1594300751245802,-1.1594300751245803
short,2023-03-13 07:00:00+00:00,1873.105,1875.962180854873,1864.5334574353813,2023-03-13 07:30:00+00:00,1875.962180854873,stop,-1.0,3.238322525060553,1873.795,1673323200000000000,-1,0.14416872685903123,-1.1441687268590313
short,2023-03-13 08:15:00+00:00,1878.528,1881.4135163543249,1869.8714509370254,2023-03-13 08:45:00+00:00,1881.4135163543249,stop,-1.0,3.4659959843690555,1878.648,1673385300000000000,-1,0.14669811127010368,-1.1466981112701036
short,2023-03-13 09:00:00+00:00,1884.745,1887.8555274527885,1875.4134176416342,2023-03-13 09:15:00+00:00,1887.8555274527885,stop,-1.0,3.529251639583524,1884.775,1673493300000000000,-1,0.13710297962387516,-1.1371029796238752
short,2023-03-13 10:00:00+00:00,1885.348,1889.5356981252366,1872.7849056242899,2023-03-13 11:30:00+00:00,1889.5356981252366,stop,-1.0,3.9552122491016934,1885.385,1675935900000000000,-1,0.10692284855890294,-1.1069228485589029
short,2023-03-13 11:45:00+00:00,1889.505,1892.867230555107,1879.4183083346795,2023-03-13 12:15:00+00:00,1892.867230555107,stop,-1.0,4.215723874371879,1889.977,1673528400000000000,-1,0.1370477681902896,-1.1370477681902895
short,2023-03-13 12:45:00+00:00,1899.305,1904.0335331654624,1885.1194005036132,2023-03-13 13:30:00+00:00,1904.0335331654624,stop,-1.0,5.031046118222983,1899.425,1673559900000000000,-1,0.10606932178768251,-1.1060693217876825
short,2023-03-13 14:45:00+00:00,1910.548,1914.499083999063,1898.694748002811,2023-03-14 07:45:00+00:00,1911.705,timeout,-0.29283103074353756,2.7272121541295475,1910.675,1673989200000000000,-1,0.0632737750094115,-0.35610480575294906
short,2023-03-17 17:00:00+00:00,1962.355,1967.1554845943226,1947.9535462170322,2023-03-17 17:15:00+00:00,1967.1554845943226,stop,-1.0,4.452214220522563,1964.805,1679067000000000000,-1,0.09845062550249031,-1.0984506255024904
short,2023-03-19 22:00:00+00:00,1985.848,1992.1226544122578,1967.0240367632264,2023-03-20 06:00:00+00:00,1992.1226544122578,stop,-1.0,3.597230455937455,1987.665,1679081400000000000,-1,0.06850760130424333,-1.0685076013042434
short,2023-03-20 06:30:00+00:00,1988.355,1992.4654213475308,1976.0237359574078,2023-03-20 07:00:00+00:00,1992.4654213475308,stop,-1.0,4.321495029467647,1990.548,1679265900000000000,-1,0.11338855851198017,-1.1133885585119803
short,2023-03-20 14:15:00+00:00,1967.205,1977.2554942391898,1937.0535172824302,2023-03-20 16:00:00+00:00,1977.2554942391898,stop,-1.0,5.334749303821179,1975.375,1679283000000000000,-1,0.05141413475728826,-1.0514141347572883
short,2023-03-21 00:45:00+00:00,1980.325,1983.2772153984752,1971.4683538045747,2023-03-21 02:45:00+00:00,1983.2772153984752,stop,-1.0,2.3462919764535415,1980.885,1679331600000000000,-1,0.12441998609329212,-1.1244199860932922
short,2023-05-03 18:00:00+00:00,2025.485,2037.1301343917698,1990.54959682469,2023-05-03 20:45:00+00:00,2037.1301343917698,stop,-1.0,4.862848440658809,2028.255,1680682500000000000,-1,0.04234750801858181,-1.0423475080185818
short,2023-05-04 02:00:00+00:00,2044.045,2047.8893294599993,2032.5120116200023,2023-05-04 07:30:00+00:00,2032.5120116200023,target,3.0,3.3495454353051763,2044.248,1681454700000000000,-1,0.06503084675787625,2.9349691532421236
short,2023-05-04 07:45:00+00:00,2034.475,2037.162944799835,2026.4111656004945,2023-05-04 09:30:00+00:00,2037.162944799835,stop,-1.0,2.9534433865673995,2035.944,1683139500000000000,-1,0.14794655357236616,-1.147946553572366
short,2023-05-04 10:45:00+00:00,2039.758,2041.3815129401044,2034.887461179687,2023-05-04 11:00:00+00:00,2041.3815129401044,stop,-1.0,2.876825766989361,2040.555,1683197100000000000,-1,0.24258586342044286,-1.2425858634204427
short,2023-05-04 18:00:00+00:00,2045.545,2048.609924249546,2036.350227251362,2023-05-04 18:30:00+00:00,2048.609924249546,stop,-1.0,4.057358812470929,2047.335,1681442100000000000,-1,0.1477582816901994,-1.1477582816901994
short,2023-05-04 20:45:00+00:00,2049.498,2051.7012207181224,2042.888337845633,2023-05-05 01:30:00+00:00,2051.7012207181224,stop,-1.0,1.830952687455349,2050.815,1683233100000000000,-1,0.15502197830812262,-1.1550219783081226
short,2023-07-31 09:00:00+00:00,1954.035,1955.8479136727615,1948.596258981716,2023-07-31 09:30:00+00:00,1955.8479136727615,stop,-1.0,1.7115307941610367,1954.095,1685096100000000000,-1,0.18510343032324744,-1.1851034303232475
short,2023-07-31 10:15:00+00:00,1957.095,1958.6697152866004,1952.3708541401988,2023-07-31 11:00:00+00:00,1958.6697152866004,stop,-1.0,1.5875454138254477,1957.138,1675302300000000000,-1,0.20916623690264358,-1.2091662369026435
short,2023-07-31 11:45:00+00:00,1958.955,1960.0549182515497,1955.6552452453507,2023-07-31 12:15:00+00:00,1960.0549182515497,stop,-1.0,1.807637491698966,1959.145,1686759300000000000,-1,0.30946106595227446,-1.3094610659522745
short,2023-07-31 12:45:00+00:00,1965.358,1967.6091123511692,1958.6046629464922,2023-07-31 13:30:00+00:00,1967.6091123511692,stop,-1.0,2.2469763551001254,1965.525,1690185600000000000,-1,0.16096434172501442,-1.1609643417250144
short,2023-07-31 14:30:00+00:00,1965.835,1969.4737251276395,1954.9188246170818,2023-07-31 15:15:00+00:00,1969.4737251276395,stop,-1.0,2.530202994927469,1965.848,1686574800000000000,-1,0.10347309470738454,-1.1034730947073845
short,2023-07-31 16:15:00+00:00,1971.168,1972.344278072195,1967.6391657834145,2023-07-31 18:30:00+00:00,1967.6391657834145,target,3.0,1.7324663182670863,1971.425,1680162300000000000,-1,0.21253477890092362,2.7874652210990765
short,2023-07-31 19:00:00+00:00,1966.385,1967.4424170527354,1963.2127488417937,2023-08-01 00:30:00+00:00,1963.2127488417937,target,3.0,1.1865152398192655,1966.694,1685575800000000000,-1,0.23642516389656462,2.7635748361034356
short,2023-08-01 00:45:00+00:00,1963.355,1964.0433149596638,1961.2900551210087,2023-08-01 01:45:00+00:00,1961.2900551210087,target,3.0,1.1730603188742148,1963.374,1690564500000000000,-1,0.3632058209545747,2.6367941790454252
short,2023-08-01 03:15:00+00:00,1960.875,1961.8965696404673,1957.810291078598,2023-08-01 03:45:00+00:00,1961.8965696404673,stop,-1.0,1.1883719258328593,1961.008,1686521700000000000,-1,0.3028854656938542,-1.3028854656938542
short,2023-08-01 04:15:00+00:00,1960.505,1961.513461513468,1957.4796154595965,2023-08-01 06:00:00+00:00,1957.4796154595965,target,3.0,1.346955652035243,1960.615,1689281100000000000,-1,0.24790237075117347,2.7520976292488264
short,2023-08-01 06:30:00+00:00,1957.375,1958.56305128346,1953.81084614962,2023-08-01 11:00:00+00:00,1953.81084614962,target,3.0,1.5381164253657347,1957.635,1684441800000000000,-1,0.21042862667671325,2.7895713733232865
short,2023-08-01 11:45:00+00:00,1953.505,1954.9822512886146,1949.0732461341565,2023-08-01 12:00:00+00:00,1954.9822512886146,stop,-1.0,1.8341111314262384,1953.938,1687215600000000000,-1,0.2313117336264357,-1.2313117336264356
short,2023-08-01 14:00:00+00:00,1947.395,1954.658661681935,1925.604014954195,2023-08-02 07:00:00+00:00,1948.595,timeout,-0.165205932289563,1.6303260409872045,1947.445,1685939400000000000,-1,0.03441790256032432,-0.19962383484988733
short,2023-09-01 11:00:00+00:00,1944.515,1945.5716684888903,1941.3449945333296,2023-09-01 11:30:00+00:00,1945.5716684888903,stop,-1.0,0.9517410650078797,1944.965,1685039400000000000,-1,0.2816276404371152,-1.2816276404371152
short,2023-09-01 12:30:00+00:00,1948.215,1953.3803489657253,1932.718953102824,2023-09-04 05:30:00+00:00,1945.1465,timeout,0.5940547328672042,0.867900051887586,1948.275,1685932200000000000,-1,0.04839944051386929,0.545655292353335
short,2023-09-04 06:00:00+00:00,1945.305,1946.2573751664831,1942.4478745005508,2023-09-04 09:15:00+00:00,1942.4478745005508,target,3.0,1.0087279840634662,1945.348,1693437300000000000,-1,0.26250159474778956,2.7374984052522104
short,2023-09-04 11:45:00+00:00,1941.555,1942.1959618487372,1939.6321144537887,2023-09-04 13:00:00+00:00,1939.6321144537887,target,3.0,0.9704536905704992,1941.605,1691416800000000000,-1,0.39003881509106597,2.609961184908934
short,2023-09-04 13:45:00+00:00,1938.165,1940.24577807123,1931.9226657863098,2023-09-05 09:15:00+00:00,1931.9226657863098,target,3.0,1.2176770012714726,1938.265,1689059700000000000,-1,0.12014736384270601,2.879852636157294
short,2023-09-06 01:45:00+00:00,1924.765,1925.3982071983394,1922.8653784049823,2023-09-06 02:15:00+00:00,1925.3982071983394,stop,-1.0,0.8671091244790091,1925.065,1688572800000000000,-1,0.46328509371551396,-1.463285093715514
short,2023-09-06 02:45:00+00:00,1926.275,1926.9350960847503,1924.2947117457495,2023-09-06 04:45:00+00:00,1926.9350960847503,stop,-1.0,0.7020397507830167,1926.375,1689018300000000000,-1,0.43190982968342345,-1.4319098296834234
short,2023-09-06 05:00:00+00:00,1927.228,1928.1283539305753,1924.5269382082745,2023-09-06 05:30:00+00:00,1928.1283539305753,stop,-1.0,0.7336243922996531,1927.305,1687444200000000000,-1,0.3184094719638041,-1.318409471963804
short,2023-09-06 07:30:00+00:00,1923.428,1925.0999317051899,1918.4122048844308,2023-09-06 09:00:00+00:00,1925.0999317051899,stop,-1.0,1.111184726033079,1923.478,1675115100000000000,-1,0.18275820438908008,-1.18275820438908
short,2023-09-06 11:00:00+00:00,1925.828,1927.2464023243726,1921.572793026882,2023-09-06 13:00:00+00:00,1921.572793026882,target,3.0,1.3610538585539003,1925.955,1693240200000000000,-1,0.17625464630465185,2.8237453536953483
short,2023-09-06 13:15:00+00:00,1921.685,1922.802007860597,1918.3339764182085,2023-09-06 13:30:00+00:00,1922.802007860597,stop,-1.0,1.5855005208959583,1922.047,1673826300000000000,-1,0.2947830876219356,-1.2947830876219357
short,2023-09-06 15:15:00+00:00,1915.775,1918.3556559959034,1908.0330320122903,2023-09-06 16:30:00+00:00,1918.3556559959034,stop,-1.0,2.204553296164746,1915.818,1674037800000000000,-1,0.1395876340667218,-1.139587634066722
short,2023-09-06 17:15:00+00:00,1918.825,1920.1965765588566,1914.7102703234304,2023-09-07 03:00:00+00:00,1920.1965765588566,stop,-1.0,0.9878637694513643,1918.925,1673916300000000000,-1,0.2182839787829044,-1.2182839787829045
short,2023-09-07 03:45:00+00:00,1920.065,1920.7094698288795,1918.1315905133617,2023-09-07 04:45:00+00:00,1918.1315905133617,target,3.0,1.0162480722119303,1920.275,1692810900000000000,-1,0.3879157546206376,2.6120842453793625
short,2023-09-07 05:00:00+00:00,1918.445,1919.4839548201162,1915.3281355396512,2023-09-07 06:30:00+00:00,1919.4839548201162,stop,-1.0,1.0612247260787935,1918.485,1675392300000000000,-1,0.2916981859423174,-1.2916981859423173
short,2023-09-07 08:15:00+00:00,1917.815,1918.672693869931,1915.2419183902073,2023-09-07 08:30:00+00:00,1918.672693869931,stop,-1.0,1.1142905497865876,1917.865,1673865000000000000,-1,0.35643781331205004,-1.35643781331205
short,2023-09-07 09:00:00+00:00,1918.745,1919.7602904636437,1915.6991286090683,2023-09-07 09:15:00+00:00,1919.7602904636437,stop,-1.0,1.0954228636592933,1918.775,1688346000000000000,-1,0.3001812329539165,-1.3001812329539164
short,2023-09-07 09:30:00+00:00,1919.528,1920.7343677977337,1915.9088966067989,2023-09-07 10:00:00+00:00,1920.7343677977337,stop,-1.0,1.0706370377038823,1919.715,1694070900000000000,-1,0.25160805225024124,-1.2516080522502413
short,2023-09-07 11:00:00+00:00,1920.815,1922.466163961114,1915.8615081166581,2023-09-07 12:00:00+00:00,1922.466163961114,stop,-1.0,1.119568547252818,1921.048,1678996800000000000,-1,0.18531074718721965,-1.1853107471872197
short,2023-09-07 14:15:00+00:00,1917.535,1919.4840086112258,1911.6879741663229,2023-09-07 14:30:00+00:00,1919.4840086112258,stop,-1.0,2.0893123680799257,1917.605,1688604300000000000,-1,0.18186970358282412,-1.181869703582824
short,2023-09-07 20:00:00+00:00,1918.938,1919.7016916376874,1916.6469250869382,2023-09-07 22:00:00+00:00,1919.7016916376874,stop,-1.0,1.0063394561285608,1918.945,1688137200000000000,-1,0.39324376225445734,-1.3932437622544573
short,2023-09-07 22:30:00+00:00,1919.725,1920.404615869519,1917.6861523914429,2023-09-08 00:00:00+00:00,1920.404615869519,stop,-1.0,0.8209776827491958,1919.745,1691747100000000000,-1,0.428254985192511,-1.428254985192511
short,2023-09-08 00:30:00+00:00,1922.755,1924.7001034107927,1916.9196897676222,2023-09-08 01:15:00+00:00,1924.7001034107927,stop,-1.0,1.1934854148587484,1922.805,1692862200000000000,-1,0.1592070987201373,-1.1592070987201373
short,2023-09-08 01:30:00+00:00,1925.435,1926.2910423655678,1922.8668729032963,2023-09-08 02:30:00+00:00,1926.2910423655678,stop,-1.0,1.1384412747276815,1925.465,1689033600000000000,-1,0.3585360679348866,-1.3585360679348866
short,2023-09-08 08:00:00+00:00,1923.935,1925.0124898107435,1920.7025305677691,2023-09-08 09:00:00+00:00,1925.0124898107435,stop,-1.0,1.0611358535200512,1924.245,1693301400000000000,-1,0.28126186406055775,-1.2812618640605578
short,2023-09-08 09:45:00+00:00,1925.088,1925.6454932729794,1923.4155201810618,2023-09-08 10:45:00+00:00,1923.4155201810618,target,3.0,0.9813844378696478,1925.165,1687804200000000000,-1,0.4484359042826294,2.5515640957173704
short,2023-09-08 12:00:00+00:00,1923.078,1924.0147489326005,1920.2677532021985,2023-09-08 12:15:00+00:00,1924.0147489326005,stop,-1.0,1.0673419342399288,1923.148,1674150300000000000,-1,0.3238510193652676,-1.3238510193652675
short,2023-09-08 12:30:00+00:00,1924.388,1926.2978238245385,1918.6585285263843,2023-09-08 13:45:00+00:00,1926.2978238245385,stop,-1.0,2.023371229152333,1924.475,1687865400000000000,-1,0.1838748459127996,-1.1838748459127997
long,2023-09-20 19:00:00+00:00,1940.285,1938.0824300848328,1946.8927097455019,2023-09-20 19:15:00+00:00,1938.0824300848328,stop,-1.0,2.505097356469761,1940.245,1693491300000000000,1,0.17037137629067806,-1.170371376290678
long,2023-09-20 22:00:00+00:00,1930.325,1928.7083609102963,1935.1749172691113,2023-09-21 00:15:00+00:00,1928.7083609102963,stop,-1.0,1.8139548646133348,1930.145,1689090300000000000,1,0.21074446696268873,-1.2107444669626888
long,2023-09-21 00:45:00+00:00,1924.915,1923.9587473896127,1927.783757831162,2023-09-21 03:15:00+00:00,1927.783757831162,target,3.0,1.4519452319595891,1924.905,1687743900000000000,1,0.2614371948210869,2.7385628051789133
long,2023-09-21 03:45:00+00:00,1928.188,1927.2707840649982,1930.9396478050057,2023-09-21 05:00:00+00:00,1927.2707840649982,stop,-1.0,1.1779730305491711,1927.915,1679035500000000000,1,0.3367785488014077,-1.3367785488014077
long,2023-09-21 06:00:00+00:00,1929.045,1927.258678849499,1934.4039634515036,2023-09-21 07:00:00+00:00,1927.258678849499,stop,-1.0,1.2110943339116547,1928.885,1674619200000000000,1,0.17385155889155304,-1.173851558891553
long,2023-09-21 08:00:00+00:00,1926.665,1925.7646726733326,1929.365981980002,2023-09-21 08:30:00+00:00,1925.7646726733326,stop,-1.0,1.2442060919522655,1926.358,1674207900000000000,1,0.3467742179428063,-1.3467742179428064
long,2023-09-21 10:00:00+00:00,1924.695,1923.2099006480682,1929.150298055795,2023-09-21 11:00:00+00:00,1923.2099006480682,stop,-1.0,1.2957110397163776,1924.665,1675044000000000000,1,0.21196262160937035,-1.2119626216093704
long,2023-09-21 11:30:00+00:00,1921.275,1920.1170533177878,1924.7488400466368,2023-09-21 12:00:00+00:00,1920.1170533177878,stop,-1.0,1.5055610424130221,1921.088,1694477700000000000,1,0.28090935197397154,-1.2809093519739716
long,2023-09-21 12:15:00+00:00,1917.885,1914.888522281042,1926.874433156874,2023-09-21 12:30:00+00:00,1914.888522281042,stop,-1.0,1.7307643682030787,1917.833,1688337900000000000,1,0.11231127008919825,-1.1123112700891982
long,2023-09-21 12:45:00+00:00,1916.425,1913.4370727831433,1925.3887816505699,2023-09-22 02:15:00+00:00,1925.3887816505699,target,3.0,1.036620059286313,1916.108,1688634900000000000,1,0.08367004342997539,2.9163299565700247
long,2023-12-04 15:30:00+00:00,2027.385,2017.8218287957989,2056.0745136126034,2023-12-05 08:30:00+00:00,2036.425,timeout,0.9452931257811915,2.562569904097749,2027.375,1683702000000000000,1,0.026141955912090578,0.919151169869101
long,2023-12-05 08:45:00+00:00,2034.375,2032.3584983838584,2040.4245048484247,2023-12-05 09:00:00+00:00,2032.3584983838584,stop,-1.0,2.768695478533265,2033.805,1701437400000000000,1,0.1926280498946019,-1.1926280498946018
long,2023-12-05 10:45:00+00:00,2025.108,2023.1617030390037,2030.9468908829888,2023-12-05 11:15:00+00:00,2023.1617030390037,stop,-1.0,2.949697047761449,2024.965,1683723600000000000,1,0.20422621026166854,-1.2042262102616685
long,2023-12-05 16:15:00+00:00,2015.435,2012.1615855784376,2025.2552432646871,2023-12-05 16:30:00+00:00,2012.1615855784376,stop,-1.0,4.441044638170139,2015.064,1683110700000000000,1,0.1442079037713769,-1.1442079037713768
long,2023-12-08 13:30:00+00:00,2023.175,2013.5320832706561,2052.1037501880314,2023-12-08 14:00:00+00:00,2013.5320832706561,stop,-1.0,3.499658626855536,2022.864,1683639900000000000,1,0.04407203165506292,-1.044072031655063
long,2023-12-08 14:15:00+00:00,2005.945,2001.336666525376,2019.770000423872,2023-12-08 16:45:00+00:00,2001.336666525376,stop,-1.0,4.035315206498064,2005.675,1680813900000000000,1,0.09803235004857373,-1.0980323500485738
long,2023-12-08 18:00:00+00:00,1997.005,1995.1474487272976,2002.5776538181076,2023-12-08 20:15:00+00:00,2002.5776538181076,target,3.0,2.7072189429157922,1996.925,1682505000000000000,1,0.13458578703794413,2.865414212962056
long,2023-12-08 20:30:00+00:00,2002.588,2001.2911961516163,2006.478411545151,2023-12-10 23:00:00+00:00,2006.478411545151,target,3.0,2.314705478714336,2002.565,1683893700000000000,1,0.19278166109053466,2.807218338909465
long,2023-12-10 23:15:00+00:00,2006.635,2004.7980463309295,2012.1458610072114,2023-12-10 23:30:00+00:00,2004.7980463309295,stop,-1.0,2.2574756423608298,2006.398,1681321500000000000,1,0.19754106389719947,-1.1975410638971995
long,2023-12-11 01:00:00+00:00,2003.855,2001.4943174224882,2010.9370477325356,2023-12-11 02:00:00+00:00,2001.4943174224882,stop,-1.0,1.960303093877243,2003.715,1681706700000000000,1,0.147421410234945,-1.147421410234945
long,2023-12-11 02:30:00+00:00,1997.865,1995.8440379241858,2003.9278862274425,2023-12-11 03:45:00+00:00,1995.8440379241858,stop,-1.0,2.0911449644944007,1997.715,1681199100000000000,1,0.175439832576711,-1.175439832576711
long,2023-12-11 04:15:00+00:00,1996.435,1994.1614742362253,2003.2555772913238,2023-12-11 07:45:00+00:00,1994.1614742362253,stop,-1.0,2.196155507408159,1996.155,1700595900000000000,1,0.15825981878166104,-1.158259818781661
long,2023-12-11 09:15:00+00:00,1993.815,1992.370041249598,1998.1498762512063,2023-12-11 09:30:00+00:00,1992.370041249598,stop,-1.0,2.402491370292014,1993.808,1681773300000000000,1,0.2561488820435961,-1.256148882043596
long,2023-12-11 10:30:00+00:00,1992.255,1990.4956512961246,1997.5330461116266,2023-12-11 13:45:00+00:00,1990.4956512961246,stop,-1.0,2.3883683763792716,1992.235,1698767100000000000,1,0.2099745309188603,-1.2099745309188603
long,2023-12-11 14:30:00+00:00,1989.305,1987.1435001469126,1995.7894995592624,2023-12-11 14:45:00+00:00,1987.1435001469126,stop,-1.0,2.495594783365503,1989.248,1679637600000000000,1,0.1733887414486514,-1.1733887414486515
long,2023-12-11 15:30:00+00:00,1982.265,1979.6840329731356,1990.0079010805937,2023-12-11 17:15:00+00:00,1979.6840329731356,stop,-1.0,2.5868380184650728,1982.225,1699251300000000000,1,0.14697665525161507,-1.1469766552516152
short,2024-01-31 13:15:00+00:00,2038.015,2040.3255365142854,2031.083390457144,2024-01-31 13:30:00+00:00,2040.3255365142854,stop,-1.0,1.7218987346935162,2038.078,1704789900000000000,-1,0.1454618590343433,-1.1454618590343433
short,2024-01-31 13:45:00+00:00,2041.875,2043.7023860760933,2036.3928417717202,2024-01-31 14:00:00+00:00,2043.7023860760933,stop,-1.0,1.9607188069551307,2041.898,1704809700000000000,-1,0.19045561575680642,-1.1904556157568065
short,2024-01-31 14:45:00+00:00,2051.455,2055.918420832968,2038.0647375010958,2024-01-31 20:00:00+00:00,2038.0647375010958,target,3.0,4.560768057433096,2051.515,1705376700000000000,-1,0.0560108511734838,2.943989148826516
short,2024-01-31 23:45:00+00:00,2039.825,2042.1667924273377,2032.7996227179872,2024-02-01 00:30:00+00:00,2042.1667924273377,stop,-1.0,3.047776922814662,2039.995,1705052700000000000,-1,0.17182942494959208,-1.1718294249495922
short,2024-02-01 01:45:00+00:00,2041.295,2042.5991946054858,2037.382416183543,2024-02-01 02:00:00+00:00,2042.5991946054858,stop,-1.0,2.682983302694127,2041.535,1703030400000000000,-1,0.29454896034602646,-1.2945489603460265
short,2024-02-01 02:15:00+00:00,2046.415,2050.299331062893,2034.7620068113206,2024-02-01 10:30:00+00:00,2034.7620068113206,target,3.0,2.097379195348904,2046.525,1704679200000000000,-1,0.06436114634724135,2.9356388536527587
short,2024-02-01 15:15:00+00:00,2048.735,2051.5863141610957,2040.1810575167133,2024-02-01 15:45:00+00:00,2051.5863141610957,stop,-1.0,3.745613830359912,2048.895,1701236700000000000,-1,0.15336110537534414,-1.153361105375344
short,2024-02-01 17:00:00+00:00,2060.765,2064.219307483814,2050.402077548557,2024-02-02 10:00:00+00:00,2053.385,timeout,2.1364629624258304,1.4982971454640568,2062.945,1703586600000000000,-1,0.07237340658624425,2.064089555839586
long,2024-02-13 13:00:00+00:00,2028.415,2027.3313627096118,2031.6659118711646,2024-02-13 13:30:00+00:00,2027.3313627096118,stop,-1.0,2.725879287000285,2028.395,1701735300000000000,1,0.3564790246482108,-1.3564790246482108
long,2024-02-13 14:45:00+00:00,1995.615,1991.3133857257533,2008.5198428227402,2024-02-13 15:00:00+00:00,1991.3133857257533,stop,-1.0,3.828329896477919,1995.548,1682474400000000000,1,0.10261647527687587,-1.102616475276876
long,2024-02-13 15:45:00+00:00,1992.145,1989.617208733685,1999.728373798945,2024-02-14 01:15:00+00:00,1989.617208733685,stop,-1.0,1.4795909107975425,1992.095,1700737200000000000,1,0.12816704838614632,-1.1281670483861463
long,2024-02-14 03:15:00+00:00,1992.295,1990.6935199550135,1997.0994401349599,2024-02-14 07:00:00+00:00,1990.6935199550135,stop,-1.0,1.1494538464412345,1992.285,1681984800000000000,1,0.19199283393171107,-1.1919928339317112
long,2024-02-14 09:15:00+00:00,1989.875,1987.8317613795577,1996.0047158613268,2024-02-14 14:45:00+00:00,1987.8317613795577,stop,-1.0,2.3233572803942306,1989.774,1684287900000000000,1,0.17920954525637128,-1.1792095452563713
long,2024-02-14 17:15:00+00:00,1991.475,1989.9039265564943,1996.1882203305167,2024-02-14 19:30:00+00:00,1989.9039265564943,stop,-1.0,2.2155028942983597,1991.435,1699043400000000000,1,0.22963607857179688,-1.2296360785717968
long,2024-02-14 20:30:00+00:00,1990.825,1988.9295674653995,1996.5112976038017,2024-02-15 09:45:00+00:00,1996.5112976038017,target,3.0,1.1779301530229618,1990.725,1679594400000000000,1,0.1318960160471682,2.8681039839528317
short,2024-03-01 13:30:00+00:00,2051.948,2055.0615362350686,2042.6073912947936,2024-03-01 14:15:00+00:00,2055.0615362350686,stop,-1.0,2.140654893641654,2053.135,1701704700000000000,-1,0.1146711384504568,-1.1146711384504568
short,2024-03-01 16:15:00+00:00,2074.095,2077.5472006208224,2063.738398137532,2024-03-01 16:30:00+00:00,2077.5472006208224,stop,-1.0,3.8587162073079586,2075.265,1701458100000000000,-1,0.12830535041727995,-1.12830535041728
short,2024-03-03 23:45:00+00:00,2083.445,2085.0053906358526,2078.763828092443,2024-03-04 07:00:00+00:00,2085.0053906358526,stop,-1.0,1.3737127579312718,2084.345,1703702700000000000,-1,0.20423452344192905,-1.204234523441929
short,2024-03-04 09:00:00+00:00,2084.055,2085.4024400628814,2080.012679811355,2024-03-04 09:30:00+00:00,2085.4024400628814,stop,-1.0,1.5904314732474394,2084.305,1709514900000000000,-1,0.24455378961916535,-1.2445537896191654
short,2024-03-04 11:45:00+00:00,2082.025,2084.279900274564,2075.260299176308,2024-03-04 13:00:00+00:00,2084.279900274564,stop,-1.0,1.4533151901222854,2082.345,1703697300000000000,-1,0.14309535687492544,-1.1430953568749254
short,2024-03-20 15:45:00+00:00,2155.735,2157.4535492315517,2150.5793523053453,2024-03-20 16:00:00+00:00,2157.4535492315517,stop,-1.0,2.7309619071829823,2156.265,1710846000000000000,-1,0.22492698391314117,-1.2249269839131411
short,2024-03-20 16:15:00+00:00,2156.995,2158.666410817001,2151.980767548996,2024-03-20 17:30:00+00:00,2158.666410817001,stop,-1.0,2.336690000054156,2157.435,1710725400000000000,-1,0.2194759638213022,-1.2194759638213022
short,2024-03-20 18:00:00+00:00,2167.755,2176.0900856275653,2142.7497431173047,2024-03-20 18:30:00+00:00,2176.0900856275653,stop,-1.0,4.370596446572918,2168.615,1709889300000000000,-1,0.05621175873456661,-1.0562117587345665
short,2024-03-20 19:00:00+00:00,2181.285,2187.021353264496,2164.075940206511,2024-03-20 19:15:00+00:00,2187.021353264496,stop,-1.0,5.258236294869065,2181.425,1710110700000000000,-1,0.08941426566560856,-1.0894142656656085
short,2024-03-20 20:00:00+00:00,2183.565,2185.9739706785526,2176.3380879643423,2024-03-20 20:15:00+00:00,2185.9739706785526,stop,-1.0,4.826814005043591,2184.035,1710180000000000000,-1,0.20396292268173227,-1.2039629226817323
short,2024-03-21 14:30:00+00:00,2177.945,2182.8957329988198,2163.0928010035414,2024-03-21 17:00:00+00:00,2182.8957329988198,stop,-1.0,4.6512903556675465,2178.955,1710236700000000000,-1,0.09747334746156469,-1.0974733474615648
short,2024-03-21 18:45:00+00:00,2182.795,2184.9684748960185,2176.274575311945,2024-03-22 00:30:00+00:00,2184.9684748960185,stop,-1.0,1.8162757450748581,2182.958,1710146700000000000,-1,0.15680594603511466,-1.1568059460351146
short,2024-04-05 05:00:00+00:00,2278.455,2280.279402338256,2272.981792985231,2024-04-05 05:15:00+00:00,2280.279402338256,stop,-1.0,3.2341024755546837,2278.775,1712151900000000000,-1,0.2256657509939571,-1.225665750993957
short,2024-04-05 06:45:00+00:00,2279.055,2280.9125571017626,2273.4823286947117,2024-04-05 07:00:00+00:00,2280.9125571017626,stop,-1.0,3.34074817212307,2279.305,1712289600000000000,-1,0.22450852693056234,-1.2245085269305624
short,2024-04-05 08:30:00+00:00,2285.895,2291.843948268576,2268.0481551942726,2024-04-05 09:30:00+00:00,2291.843948268576,stop,-1.0,3.5513138708525016,2287.885,1712116800000000000,-1,0.07187248472157004,-1.07187248472157
short,2024-04-05 09:45:00+00:00,2290.935,2294.5602231497373,2280.0593305507878,2024-04-05 10:00:00+00:00,2294.5602231497373,stop,-1.0,3.6166430825207683,2293.265,1712271600000000000,-1,0.11884293361561682,-1.1188429336156167
short,2024-04-05 13:15:00+00:00,2295.385,2300.521000130448,2279.9769996086566,2024-04-05 13:45:00+00:00,2300.521000130448,stop,-1.0,5.147250374926261,2298.028,1712218500000000000,-1,0.09878553463005242,-1.0987855346300524
short,2024-04-05 17:00:00+00:00,2327.038,2331.955749113041,2312.2847526608775,2024-04-07 22:15:00+00:00,2312.2847526608775,target,3.0,4.854994295647289,2329.378,1712335500000000000,-1,0.05083626558684197,2.949163734413158
short,2024-04-08 11:00:00+00:00,2339.915,2343.5596221997193,2328.981133400842,2024-04-08 12:15:00+00:00,2328.981133400842,target,3.0,4.866888131312051,2341.265,1712560500000000000,-1,0.06859421533986403,2.931405784660136
long,2024-04-12 15:30:00+00:00,2394.895,2379.3385987824936,2441.564203652519,2024-04-12 16:15:00+00:00,2379.3385987824936,stop,-1.0,9.184649021940904,2393.245,1712916000000000000,1,0.04559103620308473,-1.0455910362030847
long,2024-04-12 17:15:00+00:00,2357.005,2348.9195828661313,2381.2612514016064,2024-04-12 17:30:00+00:00,2348.9195828661313,stop,-1.0,9.86581493816469,2352.275,1712739600000000000,1,0.09192979590313113,-1.091929795903131
long,2024-04-12 19:00:00+00:00,2337.118,2331.0128124124303,2355.433562762709,2024-04-14 22:00:00+00:00,2355.433562762709,target,3.0,8.451270000292002,2337.015,1712608200000000000,1,0.040948782721928,2.959051217278072
long,2024-04-15 05:00:00+00:00,2355.005,2350.486325905408,2368.561022283776,2024-04-15 07:00:00+00:00,2350.486325905408,stop,-1.0,4.665407879078889,2354.608,1713153600000000000,1,0.10694960155067101,-1.106949601550671
long,2024-04-15 14:15:00+00:00,2332.755,2325.60475676326,2354.2057297102206,2024-04-15 16:30:00+00:00,2354.2057297102206,target,3.0,6.957505239923605,2332.195,1712848500000000000,1,0.03496384552562114,2.965036154474379
long,2024-04-15 20:45:00+00:00,2382.835,2379.1882756765467,2393.77517297036,2024-04-16 01:15:00+00:00,2379.1882756765467,stop,-1.0,4.363144418401438,2382.685,1712897100000000000,1,0.12837746410091744,-1.1283774641009174
long,2024-05-22 13:30:00+00:00,2409.415,2404.528363444709,2424.0749096658724,2024-05-22 14:00:00+00:00,2404.528363444709,stop,-1.0,4.900911187825805,2408.484,1716277500000000000,1,0.101305991102469,-1.101305991102469
long,2024-05-22 14:30:00+00:00,2388.775,2380.4462234835573,2413.7613295493284,2024-05-22 18:15:00+00:00,2380.4462234835573,stop,-1.0,4.845727544445879,2386.945,1715834700000000000,1,0.05910668586801639,-1.0591066858680165
long,2024-05-22 18:45:00+00:00,2377.745,2373.405542415799,2390.763372752602,2024-05-23 01:15:00+00:00,2373.405542415799,stop,-1.0,3.2876612084603907,2376.845,1713479400000000000,1,0.09549190247456682,-1.0954919024745668
long,2024-05-23 01:30:00+00:00,2371.934,2365.581287234786,2390.9921382956427,2024-05-23 05:30:00+00:00,2365.581287234786,stop,-1.0,3.0980169444539083,2370.845,1715873400000000000,1,0.06373668418314601,-1.063736684183146
long,2024-05-23 06:00:00+00:00,2361.125,2353.682987453654,2383.4510376390385,2024-05-23 13:45:00+00:00,2353.682987453654,stop,-1.0,4.824445379724104,2360.955,1713375000000000000,1,0.06600664348884788,-1.0660066434888478
long,2024-05-23 14:15:00+00:00,2349.825,2344.9239138737144,2364.528258378856,2024-05-23 14:30:00+00:00,2344.9239138737144,stop,-1.0,5.70719515278929,2347.115,1715310900000000000,1,0.10923288100738072,-1.1092328810073808
long,2024-05-23 14:45:00+00:00,2345.775,2339.6684956360086,2364.0945130919745,2024-05-23 17:00:00+00:00,2339.6684956360086,stop,-1.0,4.955975668514142,2345.764,1715301000000000000,1,0.08151943464760343,-1.0815194346476034
long,2024-05-23 18:15:00+00:00,2335.165,2331.2102357225285,2347.0292928324143,2024-05-23 19:45:00+00:00,2331.2102357225285,stop,-1.0,3.9536597617606035,2334.385,1715623200000000000,1,0.11320092846956367,-1.1132009284695636
short,2024-06-03 13:15:00+00:00,2333.488,2337.3850445767034,2321.796866269889,2024-06-03 14:00:00+00:00,2337.3850445767034,stop,-1.0,3.861664887047224,2333.515,1716510600000000000,-1,0.11369724816623825,-1.1136972481662382
short,2024-06-03 14:15:00+00:00,2339.388,2342.7400352185346,2329.331894344396,2024-06-03 14:30:00+00:00,2342.7400352185346,stop,-1.0,4.127751866892746,2339.758,1717034400000000000,-1,0.13615238611488986,-1.13615238611489
short,2024-06-03 14:45:00+00:00,2341.618,2346.409516591492,2327.243450225524,2024-06-03 16:30:00+00:00,2346.409516591492,stop,-1.0,4.070708585210884,2343.685,1713799800000000000,-1,0.09465383675512383,-1.0946538367551237
short,2024-06-03 17:00:00+00:00,2350.485,2355.8243123738275,2334.467062878518,2024-06-04 08:30:00+00:00,2334.467062878518,target,3.0,2.5925798621172755,2351.428,1714137300000000000,-1,0.046822508685850056,2.95317749131415
short,2024-06-04 09:15:00+00:00,2329.125,2332.940527473441,2317.6784175796774,2024-06-04 10:15:00+00:00,2332.940527473441,stop,-1.0,2.9278026316241608,2329.178,1715261400000000000,-1,0.10388868494340639,-1.1038886849434064
short,2024-06-04 12:00:00+00:00,2328.068,2330.601433259368,2320.4677002218964,2024-06-04 12:15:00+00:00,2330.601433259368,stop,-1.0,3.028507707567958,2328.225,1714591800000000000,-1,0.15845113894121238,-1.1584511389412124
short,2024-06-04 12:30:00+00:00,2332.738,2335.1379485756797,2325.53815427296,2024-06-04 12:45:00+00:00,2335.1379485756797,stop,-1.0,3.081983686627491,2333.128,1717413300000000000,-1,0.16837826794555136,-1.1683782679455514
short,2024-06-04 14:00:00+00:00,2321.148,2333.7040352566783,2283.479894229966,2024-06-05 03:00:00+00:00,2333.7040352566783,stop,-1.0,2.0729374882339275,2321.345,1715148900000000000,-1,0.02816548911995162,-1.0281654891199516
long,2024-06-13 13:15:00+00:00,2318.875,2313.601441068676,2334.6956767939714,2024-06-13 13:45:00+00:00,2313.601441068676,stop,-1.0,5.359837744791514,2318.215,1715065200000000000,1,0.09822434791859731,-1.0982243479185974
long,2024-06-13 15:15:00+00:00,2308.625,2302.9447059481713,2325.665882155486,2024-06-13 15:45:00+00:00,2302.9447059481713,stop,-1.0,5.824574740800124,2308.395,1718056800000000000,1,0.09528181676893377,-1.0952818167689338
long,2024-06-13 16:15:00+00:00,2298.695,2293.744306431844,2313.5470807044685,2024-06-14 07:30:00+00:00,2313.5470807044685,target,3.0,2.374363780584067,2297.675,1714722300000000000,1,0.050497974992443864,2.9495020250075563
long,2024-06-14 09:00:00+00:00,2317.595,2315.8552791721404,2322.814162483578,2024-06-14 09:15:00+00:00,2315.8552791721404,stop,-1.0,2.6358025624227497,2317.565,1715015700000000000,1,0.21945482401961142,-1.2194548240196115
long,2024-06-14 10:00:00+00:00,2323.615,2319.9879542751846,2334.4961371744453,2024-06-14 11:30:00+00:00,2334.4961371744453,target,3.0,3.484739379048716,2323.428,1712342700000000000,1,0.06892661933914282,2.931073380660857
long,2024-06-14 12:00:00+00:00,2330.485,2327.560268946338,2339.2591931609863,2024-06-14 12:30:00+00:00,2327.560268946338,stop,-1.0,3.8635926542328676,2330.455,1717066800000000000,1,0.15152833699246834,-1.1515283369924683
long,2024-06-14 13:00:00+00:00,2329.565,2326.462004349135,2338.8739869525953,2024-06-14 13:30:00+00:00,2326.462004349135,stop,-1.0,4.202992601976895,2329.348,1717584300000000000,1,0.1482920641447119,-1.1482920641447119
long,2024-06-14 15:00:00+00:00,2331.395,2325.0456510089534,2350.4430469731396,2024-06-14 15:45:00+00:00,2325.0456510089534,stop,-1.0,4.246465905404129,2330.975,1717590600000000000,1,0.07281428315283113,-1.0728142831528311
long,2024-06-14 16:15:00+00:00,2329.125,2326.6145417275306,2336.656374817408,2024-06-17 00:00:00+00:00,2326.6145417275306,stop,-1.0,2.0831579734431784,2328.605,1714145400000000000,1,0.14107300748870855,-1.1410730074887085
long,2024-08-02 13:15:00+00:00,2465.985,2453.937262548753,2502.128212353741,2024-08-02 14:30:00+00:00,2453.937262548753,stop,-1.0,8.206495731477375,2464.475,1721285100000000000,1,0.05480902860358401,-1.054809028603584
long,2024-08-02 16:00:00+00:00,2437.364,2426.2629448498624,2470.667165450413,2024-08-02 16:45:00+00:00,2426.2629448498624,stop,-1.0,9.523487931064622,2437.218,1722483000000000000,1,0.06541489855982083,-1.0654148985598209
long,2024-08-02 17:15:00+00:00,2426.705,2420.198492152526,2446.224523542422,2024-08-04 22:00:00+00:00,2446.224523542422,target,3.0,5.93713564195698,2424.215,1716254100000000000,1,0.038423069004220926,2.961576930995779
long,2024-08-05 00:00:00+00:00,2435.265,2428.6302507410373,2455.1692477768875,2024-08-05 00:15:00+00:00,2428.6302507410373,stop,-1.0,6.3771048491701725,2434.815,1722564000000000000,1,0.08573877026175065,-1.0857387702617507
long,2024-08-05 03:30:00+00:00,2446.035,2440.8071463839033,2461.7185608482896,2024-08-05 05:30:00+00:00,2440.8071463839033,stop,-1.0,6.0638192878493005,2444.128,1722470400000000000,1,0.10581607768993148,-1.1058160776899315
long,2024-08-05 06:15:00+00:00,2427.895,2420.001906052252,2451.5742818432445,2024-08-05 09:15:00+00:00,2420.001906052252,stop,-1.0,6.4121402579893445,2425.505,1722627900000000000,1,0.07229193224822256,-1.0722919322482225
long,2024-08-05 10:00:00+00:00,2423.815,2419.855852571414,2435.6924422857587,2024-08-05 10:15:00+00:00,2419.855852571414,stop,-1.0,6.141408707529011,2423.195,1716244200000000000,1,0.14070464548863137,-1.1407046454886314
long,2024-08-05 11:00:00+00:00,2406.555,2400.3303793443397,2425.2288619669803,2024-08-05 11:15:00+00:00,2400.3303793443397,stop,-1.0,6.981992505615755,2406.158,1716264000000000000,1,0.09624676882695124,-1.0962467688269513
long,2024-08-05 11:45:00+00:00,2386.675,2380.9252294896187,2403.9243115311447,2024-08-05 12:15:00+00:00,2380.9252294896187,stop,-1.0,8.236109119973216,2386.495,1716394500000000000,1,0.11510119487442817,-1.1151011948744283
long,2024-08-05 12:30:00+00:00,2373.675,2361.6221338880077,2409.8335983359775,2024-08-05 15:15:00+00:00,2409.8335983359775,target,3.0,8.88549270535323,2373.005,1713535200000000000,1,0.020741954459384003,2.979258045540616
long,2024-08-05 16:00:00+00:00,2402.385,2396.4519111362615,2420.1842665912163,2024-08-06 06:00:00+00:00,2396.4519111362615,stop,-1.0,3.9372151666651174,2401.225,1721029500000000000,1,0.07531671421008669,-1.0753167142100868
long,2024-08-30 13:15:00+00:00,2515.188,2511.639256561466,2525.8342303156023,2024-08-30 14:00:00+00:00,2511.639256561466,stop,-1.0,4.038650309109767,2513.635,1724910300000000000,1,0.12735001086530334,-1.1273500108653034
long,2024-08-30 14:30:00+00:00,2511.095,2505.006653721062,2529.3600388368136,2024-08-30 15:00:00+00:00,2505.006653721062,stop,-1.0,4.660932332322062,2510.815,1724184000000000000,1,0.07933954385727991,-1.07933954385728
long,2024-08-30 15:30:00+00:00,2504.935,2500.505278728323,2518.224163815031,2024-08-30 15:45:00+00:00,2500.505278728323,stop,-1.0,4.627470602810348,2504.345,1724237100000000000,1,0.10866903369707605,-1.1086690336970761
long,2024-08-30 17:00:00+00:00,2497.285,2493.4345336181373,2508.8363991455876,2024-09-02 02:00:00+00:00,2493.4345336181373,stop,-1.0,2.980183915749132,2494.845,1724032800000000000,1,0.103626199066941,-1.103626199066941
long,2024-09-02 03:30:00+00:00,2494.465,2492.8652508615596,2499.2642474153217,2024-09-02 06:00:00+00:00,2499.2642474153217,target,3.0,2.4739920518663325,2494.315,1724423400000000000,1,0.15627450204080465,2.8437254979591953
long,2024-09-02 06:15:00+00:00,2500.635,2496.724602214123,2512.366193357632,2024-09-02 06:45:00+00:00,2496.724602214123,stop,-1.0,2.7060242485241783,2500.605,1724091300000000000,1,0.09853248531844104,-1.098532485318441
long,2024-09-02 08:15:00+00:00,2499.605,2496.3154858380253,2509.473542485924,2024-09-02 23:45:00+00:00,2496.3154858380253,stop,-1.0,1.4260028977472905,2499.515,1724050800000000000,1,0.0976740421431985,-1.0976740421431985
long,2024-09-04 06:30:00+00:00,2487.375,2484.8385486346556,2494.9843540960333,2024-09-04 06:45:00+00:00,2484.8385486346556,stop,-1.0,2.24901613082786,2486.938,1725390900000000000,1,0.14289680909855593,-1.1428968090985558
long,2024-09-04 08:15:00+00:00,2480.715,2478.071494735555,2488.6455157933356,2024-09-04 08:30:00+00:00,2478.071494735555,stop,-1.0,2.7843020089961685,2479.585,1724349600000000000,1,0.14723447147418606,-1.147234471474186
long,2024-09-04 09:15:00+00:00,2474.285,2472.352445497766,2480.0826635067015,2024-09-04 09:45:00+00:00,2480.0826635067015,target,3.0,3.2634372598214485,2473.245,1725375600000000000,1,0.1293624576750726,2.8706375423249275
long,2024-09-04 11:00:00+00:00,2489.935,2486.367589359803,2500.637231920591,2024-09-04 12:15:00+00:00,2486.367589359803,stop,-1.0,3.32756882629901,2489.534,1725328800000000000,1,0.11671727292150177,-1.1167172729215018
long,2024-09-04 13:45:00+00:00,2485.075,2480.768066517104,2497.9958004486866,2024-09-04 14:00:00+00:00,2497.9958004486866,target,3.0,4.60853220896344,2484.575,1725366600000000000,1,0.0580459394120761,2.941954060587924
long,2024-09-04 14:15:00+00:00,2492.008,2486.81647317036,2507.582580488919,2024-09-05 07:15:00+00:00,2505.38,timeout,2.575735508801783,2.246208742822076,2491.155,1725415200000000000,1,0.04815539015857249,2.5275801186432103
long,2024-09-05 07:30:00+00:00,2505.915,2504.4279847073567,2510.3760458779298,2024-09-05 07:45:00+00:00,2504.4279847073567,stop,-1.0,2.278618762943548,2505.825,1724834700000000000,1,0.24473920338792693,-1.244739203387927
long,2024-09-05 10:00:00+00:00,2516.105,2513.3625944125906,2524.332216762228,2024-09-05 10:30:00+00:00,2513.3625944125906,stop,-1.0,2.538737147485902,2515.465,1724699700000000000,1,0.13744752384725395,-1.137447523847254
short,2024-09-20 05:30:00+00:00,2593.878,2595.323030033161,2589.5429099005173,2024-09-20 06:00:00+00:00,2595.323030033161,stop,-1.0,1.9377223742212017,2594.775,1726740900000000000,-1,0.24005460838226333,-1.2400546083822634
short,2024-09-20 09:00:00+00:00,2608.945,2611.2088379567717,2602.1534861296855,2024-09-20 10:45:00+00:00,2611.2088379567717,stop,-1.0,2.8381448957850335,2609.615,1726818300000000000,-1,0.1731162973113791,-1.1731162973113791
short,2024-09-23 00:45:00+00:00,2618.235,2619.7757416177433,2613.6127751467707,2024-09-23 01:15:00+00:00,2619.7757416177433,stop,-1.0,2.222097506778926,2619.165,1726837200000000000,-1,0.23437081933821308,-1.234370819338213
short,2024-09-23 02:30:00+00:00,2622.865,2626.386503836339,2612.3004884909815,2024-09-23 03:00:00+00:00,2626.386503836339,stop,-1.0,2.5684140874377803,2625.574,1726853400000000000,-1,0.10745997220473096,-1.107459972204731
short,2024-09-23 11:00:00+00:00,2622.255,2624.6076032900964,2615.197190129711,2024-09-23 11:30:00+00:00,2624.6076032900964,stop,-1.0,2.642810476636948,2622.615,1727045100000000000,-1,0.16243304829187694,-1.162433048291877
long,2024-09-27 13:00:00+00:00,2669.208,2665.210916419932,2681.1992507402047,2024-09-27 13:15:00+00:00,2665.210916419932,stop,-1.0,3.569544414496652,2666.835,1727345700000000000,1,0.10719746338592263,-1.1071974633859227
long,2024-09-27 14:15:00+00:00,2661.235,2656.4171057890794,2675.6886826327623,2024-09-27 14:45:00+00:00,2656.4171057890794,stop,-1.0,4.495852408938898,2659.704,1727236800000000000,1,0.09854774714038621,-1.0985477471403862
long,2024-09-27 16:00:00+00:00,2650.905,2644.3406813062606,2670.597956081219,2024-09-27 17:30:00+00:00,2644.3406813062606,stop,-1.0,4.682159012325687,2649.715,1727285400000000000,1,0.07374839236217802,-1.073748392362178
long,2024-09-27 18:30:00+00:00,2646.565,2642.053632549841,2660.099102350477,2024-09-29 22:00:00+00:00,2660.099102350477,target,3.0,3.7561197922745655,2644.665,1727451900000000000,1,0.055415570281509244,2.944584429718491
long,2024-09-29 22:30:00+00:00,2662.525,2659.6903287067944,2671.029013879617,2024-09-30 01:00:00+00:00,2659.6903287067944,stop,-1.0,3.0241674603371487,2662.308,1727365500000000000,1,0.14153611883624603,-1.141536118836246
long,2024-09-30 01:45:00+00:00,2652.565,2646.2275372911413,2671.5773881265764,2024-09-30 10:15:00+00:00,2646.2275372911413,stop,-1.0,3.0473175606272136,2651.215,1727250300000000000,1,0.06349005848490707,-1.063490058484907
short,2024-10-03 15:30:00+00:00,2648.664,2655.905688939263,2626.9389331822113,2024-10-03 16:30:00+00:00,2655.905688939263,stop,-1.0,4.866254511513928,2652.148,1727887500000000000,-1,0.068121225547407,-1.068121225547407
short,2024-10-03 17:30:00+00:00,2657.195,2661.838362362844,2643.2649129114693,2024-10-04 02:30:00+00:00,2661.838362362844,stop,-1.0,1.8859308890947715,2657.878,1727929800000000000,-1,0.07414811025945639,-1.0741481102594563
short,2024-10-04 03:45:00+00:00,2660.985,2662.330274690942,2656.949175927174,2024-10-04 04:15:00+00:00,2662.330274690942,stop,-1.0,1.8088337205657543,2661.418,1727841600000000000,-1,0.25306481146233356,-1.2530648114623335
short,2024-10-04 04:30:00+00:00,2663.175,2666.274825107872,2653.875524676385,2024-10-04 05:15:00+00:00,2666.274825107872,stop,-1.0,1.8499231802654517,2663.194,1727880300000000000,-1,0.11048886536970427,-1.1104888653697043
short,2024-10-04 07:00:00+00:00,2660.265,2662.092218727073,2654.7833438187804,2024-10-04 07:15:00+00:00,2662.092218727073,stop,-1.0,2.1789389171304174,2660.495,1727683200000000000,-1,0.19644443247989388,-1.196444432479894
short,2024-10-04 09:30:00+00:00,2658.255,2660.1153421056197,2652.6739736831414,2024-10-04 10:30:00+00:00,2660.1153421056197,stop,-1.0,2.039017117746555,2658.435,1727253900000000000,-1,0.18918609368899628,-1.1891860936889962
short,2024-10-04 12:15:00+00:00,2656.308,2658.731254972861,2649.0382350814175,2024-10-04 12:30:00+00:00,2649.0382350814175,target,3.0,3.431003487425683,2656.485,1727687700000000000,-1,0.1031670223727454,2.8968329776272546
long,2024-10-22 05:30:00+00:00,2732.814,2730.8784163813634,2738.620750855909,2024-10-22 05:45:00+00:00,2730.8784163813634,stop,-1.0,2.288401676732233,2732.625,1729514700000000000,1,0.18827400703738992,-1.1882740070373898
long,2024-10-22 11:45:00+00:00,2731.885,2728.6024130061433,2741.732760981571,2024-10-22 13:45:00+00:00,2741.732760981571,target,3.0,3.3710578708463395,2731.405,1729586700000000000,1,0.07615944389831861,2.9238405561016814
long,2024-10-31 14:00:00+00:00,2752.528,2746.7079051331893,2769.988284600431,2024-10-31 14:30:00+00:00,2746.7079051331893,stop,-1.0,5.086123001547198,2749.705,1729678500000000000,1,0.08664912885753899,-1.086649128857539
long,2024-10-31 15:00:00+00:00,2734.465,2729.8530947133754,2748.3007158598743,2024-10-31 19:00:00+00:00,2748.3007158598743,target,3.0,4.0417144354166,2734.328,1729775700000000000,1,0.054207531261546114,2.945792468738454
long,2024-10-31 19:15:00+00:00,2748.145,2745.864172407277,2754.9874827781696,2024-10-31 19:45:00+00:00,2745.864172407277,stop,-1.0,3.805558897452732,2747.955,1729667700000000000,1,0.19303429434004954,-1.1930342943400496
long,2024-10-31 23:00:00+00:00,2746.315,2744.468553501918,2751.8543394942462,2024-11-01 04:00:00+00:00,2751.8543394942462,target,3.0,2.3935863611280386,2746.225,1730192400000000000,1,0.13539520384678352,2.8646047961532166
long,2024-11-01 15:00:00+00:00,2747.385,2740.7414311322186,2767.315706603345,2024-11-01 16:30:00+00:00,2740.7414311322186,stop,-1.0,4.90217625536145,2747.275,1730199600000000000,1,0.07452452478804483,-1.0745245247880448
long,2024-11-01 19:00:00+00:00,2736.485,2732.9016465501068,2747.23506034968,2024-11-03 23:00:00+00:00,2732.9016465501068,stop,-1.0,3.548483690274512,2735.705,1729765800000000000,1,0.11928049813965323,-1.1192804981396531
long,2024-12-12 13:15:00+00:00,2707.228,2699.8372755585665,2729.400173324301,2024-12-12 13:45:00+00:00,2699.8372755585665,stop,-1.0,4.372248819766782,2704.975,1732308300000000000,1,0.06340548138437191,-1.0634054813843719
long,2024-12-12 16:45:00+00:00,2683.394,2679.0667585519586,2696.3757243441232,2024-12-13 00:00:00+00:00,2679.0667585519586,stop,-1.0,2.416592716084683,2683.165,1731096000000000000,1,0.08569654368884382,-1.0856965436888437
long,2024-12-13 00:15:00+00:00,2680.635,2679.1437348862337,2685.1087953413,2024-12-13 00:45:00+00:00,2685.1087953413,target,3.0,2.404010275961367,2680.215,1731052800000000000,1,0.16764289440699642,2.8323571055930037
long,2024-12-13 01:45:00+00:00,2689.775,2685.1310537628196,2703.7068387115414,2024-12-13 02:15:00+00:00,2685.1310537628196,stop,-1.0,3.1765597633243945,2687.435,1729180800000000000,1,0.08803460834517289,-1.0880346083451728
long,2024-12-13 02:45:00+00:00,2686.475,2683.909808265303,2694.1705752040903,2024-12-13 06:30:00+00:00,2683.909808265303,stop,-1.0,2.936441510629582,2686.085,1731070800000000000,1,0.15469489869473066,-1.1546948986947307
long,2024-12-13 08:00:00+00:00,2683.825,2680.450155025948,2693.9495349221556,2024-12-13 08:45:00+00:00,2680.450155025948,stop,-1.0,3.343019203100644,2683.795,1729185300000000000,1,0.12360596215896351,-1.1236059621589636
long,2024-12-13 09:15:00+00:00,2673.048,2669.583353706137,2683.4419388815877,2024-12-13 09:45:00+00:00,2669.583353706137,stop,-1.0,3.61716876977709,2673.0,1729079100000000000,1,0.12435856417784623,-1.1243585641778462
long,2024-12-13 10:00:00+00:00,2669.335,2665.5052172712763,2680.8243481861714,2024-12-13 10:45:00+00:00,2665.5052172712763,stop,-1.0,3.4427775206581437,2668.658,1732532400000000000,1,0.11022528063193245,-1.1102252806319324
long,2024-12-13 11:15:00+00:00,2666.548,2663.0940366311356,2676.9098901065922,2024-12-13 12:00:00+00:00,2663.0940366311356,stop,-1.0,3.484695361266397,2666.375,1731294900000000000,1,0.12282549719189147,-1.1228254971918914
long,2024-12-13 12:45:00+00:00,2672.325,2669.3339544050255,2681.298136784923,2024-12-13 13:00:00+00:00,2669.3339544050255,stop,-1.0,3.712593508255102,2672.205,1733839200000000000,1,0.14564461208639265,-1.1456446120863926
long,2024-12-13 13:45:00+00:00,2661.898,2658.2516174266434,2672.8371477200703,2024-12-13 14:30:00+00:00,2658.2516174266434,stop,-1.0,4.030987261497562,2661.515,1730917800000000000,1,0.1238348840229339,-1.123834884022934
long,2024-12-13 18:00:00+00:00,2655.315,2653.0554974377774,2662.093507686668,2024-12-13 18:30:00+00:00,2653.0554974377774,stop,-1.0,3.6223798131914804,2655.025,1727980200000000000,1,0.19080261198530404,-1.1908026119853041
long,2024-12-13 20:15:00+00:00,2651.728,2648.5838928880007,2661.160321335998,2024-12-13 20:45:00+00:00,2648.5838928880007,stop,-1.0,3.1124847266641913,2651.705,1732156200000000000,1,0.129010947109646,-1.129010947109646
